residue_number,pLDDT,stability_ratio_normalized_to_WT,is_destabilizing_mutation
12,43.79,0.8555979,False
30,43.39,0.8360113,False
90,32.12,1.084197,False
181,41.5,1.044739,False
183,35.35,1.060101,False
192,35.91,1.047929,False
254,28.66,0.4813288,True
267,36.85,1.016953,False
272,37.08,1.022709,False
281,59.45,1.017266,False
288,84.75,1.017836,False
290,92.38,0.4599451,True
292,92.84,1.014288,False
293,93.39,0.3443498,True
295,97.36,0.3435179,True
297,97.84,0.1578041,True
298,95.56,0.3447503,True
299,94.4,1.024477,False
301,81.37,1.012748,False
302,84.01,1.032172,False
304,92.28,0.9931188,False
307,97.62,0.1565844,True
308,97.19,0.342584,True
309,96.96,0.5492893,True
310,96.07,0.1712749,True
312,90.5,0.6274686,True
314,82.85,1.072061,False
316,77.65,1.071478,False
318,76.26,0.9328556,False
322,83.32,1.053182,False
324,89.01,0.4608576,True
326,94.26,0.2520300666666666,True
328,95.79,0.2114281,True
332,91.87,0.373928,True
337,92.59,0.3451776,True
339,92.79,0.1308347,True
342,92.33,0.8949588,False
344,96.17,0.1882434,True
352,93.86,0.966761,False
359,93.0,0.5646341,True
361,88.75,0.8742617,False
365,94.02,0.1697705,True
366,93.93,0.6524446500000001,True
368,95.3,0.3986021,True
369,96.19,0.3906805,True
376,95.62,0.3382373,True
378,92.07,1.0956,False
379,93.1,0.916074,False
380,91.97,0.9477463,False
385,72.39,1.072299,False
400,73.5,1.15719,False
407,94.8,0.6492172,True
410,95.31,0.2881317,True
413,92.85,0.8793166,False
414,94.55,0.2475144,True
419,89.95,0.9446362,False
424,91.53,0.9331912,False
426,81.52,0.9512829,False
428,81.51,0.973034,False
431,63.18,0.9554172,False
436,32.75,0.9696032,False
437,33.63,1.043213,False
438,29.63,1.000848,False
455,42.16,1.150239,False
458,38.61,1.0636,False
474,70.58,1.130067,False
477,90.93,1.098108,False
478,91.85,1.088251,False
484,93.85,1.138854,False
494,96.56,0.4751771,True
495,96.55,0.9011877,False
497,92.64,0.2767733,True
507,96.13,0.5604438,True
508,97.58,0.5859341,True
511,97.23,0.5064597,True
514,95.46,0.5244856,True
517,93.58,0.5214359,True
518,93.75,1.109377,False
525,93.94,0.8306941,False
527,90.95,0.8820262,False
529,88.58,0.8778251,False
531,87.95,1.107685,False
532,89.85,0.7987965,False
533,93.01,0.8857338,False
537,96.39,0.4448991,True
543,79.35,0.9069754,False
545,87.79,1.100344,False
547,93.89,0.9057181,False
548,94.2,0.8853955,False
549,95.63,0.2513217,True
550,93.44,0.848029,False
554,96.12,0.579103,True
556,96.43,1.040666,False
562,96.38,0.4254519,True
563,96.99,0.8841944,False
567,96.77,0.8097687,False
571,96.57,1.04459,False
572,95.27,1.0849,False
573,94.8,1.00304,False
575,95.31,1.062243,False
579,86.3,1.09785,False
580,85.55,1.087125,False
581,94.32,0.767763,False
583,96.57,0.4330766,True
586,94.89,0.4554169,True
596,97.77,1.063925,False
598,96.7,0.7779466,False
604,92.27,0.8633119,False
623,91.1,0.7358614,True
627,93.94,0.8867821,False
631,97.67,0.4886155,True
635,98.67,0.40598,True
636,98.79,0.3582201,True
637,98.66,0.2517871,True
638,98.65,0.4007301,True
639,98.44,0.3937565,True
641,97.76,0.7750524,False
642,96.42,0.6365951,True
645,98.58,0.856708,False
646,98.43,0.4442819,True
647,98.5,0.4245519,True
648,98.28,0.3928059,True
649,98.18,0.5172071,True
650,98.31,0.4159871,True
653,96.2,0.3714397,True
657,98.31,0.4237124,True
659,97.24,0.7358019,True
660,98.53,0.3594055,True
661,98.44,0.4046589,True
662,98.52,0.4288399,True
663,98.5,0.4802697,True
665,97.4,1.060347,False
668,96.57,0.8538262,False
669,96.83,0.7318646,True
672,97.45,0.8466228,False
675,96.87,0.9984979,False
676,96.73,0.5809479,True
677,97.05,0.8412493,False
684,96.75,0.3898449,True
685,97.09,0.4403994,True
686,97.6,0.3386339,True
687,97.68,0.4086413,True
688,96.89,0.8012436,False
690,97.6,0.3550435,True
691,97.35,0.4553243,True
695,97.64,0.9120905,False
699,75.0,0.3200215,True
700,95.71,0.3495642,True
701,98.16,0.4556982,True
702,98.41,0.3932404,True
703,98.69,0.4818903,True
704,98.64,0.6508228,True
705,98.77,0.3875358,True
706,97.51,0.387481,True
707,95.42,0.3802217,True
709,93.84,0.8902627,False
710,92.72,0.9437781,False
714,91.82,0.6880003,True
716,85.87,1.033337,False
717,88.6,0.9261547,False
718,87.53,0.7192777,True
720,91.2,1.061631,False
728,94.33,0.8359543,False
729,96.6,0.363541,True
731,98.06,0.40776975,True
733,98.26,0.426707,True
734,98.52,0.3905955,True
735,98.11,0.8630975,False
736,98.04,0.3158816,True
737,98.01,0.4684402,True
741,97.0,0.6665348,True
742,95.57,0.3868087,True
743,95.23,0.4593113,True
747,92.88,0.7108312,True
749,94.12,0.3392981,True
751,97.37,0.3471555,True
752,98.0,0.3410564,True
754,98.54,0.3862334,True
755,98.49,0.4103273,True
756,98.12,0.9537112,False
758,94.94,0.8622715,False
759,94.23,0.96031345,False
761,94.5,0.9529492,False
768,96.95,0.636552,True
769,97.12,0.4562491,True
770,95.37,0.4189152,True
771,95.32,0.5270026,True
772,96.26,0.7405099,True
774,92.99,0.2667145,True
777,94.02,0.4505224,True
778,92.8,0.3130035,True
780,95.35,0.4925803,True
781,95.66,0.9319379,False
783,92.95,1.10281,False
789,93.42,1.081251,False
792,97.29,0.9790729,False
793,97.78,0.4067298,True
794,97.47,0.6260574,True
795,96.55,0.3420015,True
796,95.14,0.5078561,True
797,94.15,0.4046881,True
798,94.59,0.40725,True
799,91.86,0.325236,True
800,89.4,0.9266615,False
801,91.59,0.4246202,True
803,90.7,0.9229618,False
804,89.32,1.028859,False
811,90.03,0.9130292,False
813,91.32,1.025642,False
814,94.24,1.049149,False
815,95.86,0.9383628,False
822,94.16,1.007593,False
825,96.12,0.9238034,False
826,93.58,1.062891,False
828,92.78,1.062804,False
829,93.22,0.9500532,False
835,89.5,0.9569821,False
836,88.57,0.9760696,False
838,86.84,0.9859692,False
849,93.72,0.5965496,True
850,95.9,1.02501,False
857,94.58,0.937554,False
860,95.61,0.9209173,False
865,97.69,0.5922805,True
868,96.77,0.9252796,False
869,96.65,0.5570258,True
872,95.26,1.025123,False
873,96.78,1.041027,False
879,91.73,0.8984118,False
880,90.89,0.9616624,False
881,93.94,0.6161368,True
882,93.43,0.9764945,False
884,94.79,1.002667,False
886,94.57,1.072883,False
893,97.36,0.9518706,False
896,96.94,0.8088213,False
898,98.04,0.7921419,False
899,97.31,0.8239997,False
901,97.42,0.4658968,True
902,98.21,0.36474025,True
904,95.95,0.2603852,True
905,97.67,0.4671688,True
906,97.01,0.6004309,True
907,95.06,0.3925456,True
908,97.21,0.4078807,True
909,98.37,0.327513,True
910,98.03,0.5581608,True
911,95.44,0.5075343,True
