mark,bin_center,average_cpm
DNase,-2950,0.037059964344004354
DNase,-2940,0.036773060765849755
DNase,-2930,0.03628011086001202
DNase,-2920,0.03603330960451919
DNase,-2910,0.0360285586942868
DNase,-2900,0.03599364959196413
DNase,-2890,0.035530958317639076
DNase,-2880,0.03495483917137414
DNase,-2870,0.034964032768360936
DNase,-2860,0.03511565273069616
DNase,-2850,0.035483112743251034
DNase,-2840,0.03616247558066471
DNase,-2830,0.03678803402385376
DNase,-2820,0.03701288801004317
DNase,-2810,0.03787022950407929
DNase,-2800,0.03761179711236581
DNase,-2790,0.03720992128060194
DNase,-2780,0.03684110069052047
DNase,-2770,0.036172063779032586
DNase,-2760,0.035469461268047175
DNase,-2750,0.035664881104832985
DNase,-2740,0.035530822975517275
DNase,-2730,0.03520091073446269
DNase,-2720,0.03470542033898248
DNase,-2710,0.0344962121782795
DNase,-2700,0.034667628499685764
DNase,-2690,0.03480285624607621
DNase,-2680,0.03517012404268628
DNase,-2670,0.03543190872567435
DNase,-2660,0.03587370621468862
DNase,-2650,0.035743410420589504
DNase,-2640,0.03583693069679803
DNase,-2630,0.0360630573760194
DNase,-2620,0.036188307219082866
DNase,-2610,0.0359933613308218
DNase,-2600,0.036837462774638556
DNase,-2590,0.03757408524795912
DNase,-2580,0.039343992341493245
DNase,-2570,0.04086835831763883
DNase,-2560,0.04108543904582463
DNase,-2550,0.04081652567482652
DNase,-2540,0.04056914940364018
DNase,-2530,0.03954197124921453
DNase,-2520,0.040010783929691804
DNase,-2510,0.0399283790332698
DNase,-2500,0.039917438669176894
DNase,-2490,0.04014650533584355
DNase,-2480,0.04035522021343304
DNase,-2470,0.04049462975517815
DNase,-2460,0.041198149529189355
DNase,-2450,0.04198773559321933
DNase,-2440,0.041705560703074955
DNase,-2430,0.04184749830508396
DNase,-2420,0.042372590081606036
DNase,-2410,0.042712271186439686
DNase,-2400,0.042889291148774863
DNase,-2390,0.043457513873194194
DNase,-2380,0.04293702335216484
DNase,-2370,0.04267048399246608
DNase,-2360,0.04356823691148668
DNase,-2350,0.04439554099183804
DNase,-2340,0.04374154350282377
DNase,-2330,0.04404425800376542
DNase,-2320,0.04414863728813451
DNase,-2310,0.042670775015692754
DNase,-2300,0.04189275919648374
DNase,-2290,0.04183738556183222
DNase,-2280,0.04088964218455666
DNase,-2270,0.04091150897677247
DNase,-2260,0.040826267168862874
DNase,-2250,0.040437833396107244
DNase,-2240,0.040289455994977304
DNase,-2230,0.04036705750156863
DNase,-2220,0.04037773609541674
DNase,-2210,0.039964116509729385
DNase,-2200,0.03989766415568039
DNase,-2190,0.04001250307595659
DNase,-2180,0.04003557526679149
DNase,-2170,0.04020220188323856
DNase,-2160,0.04080880075329491
DNase,-2150,0.04073577903326972
DNase,-2140,0.040715973006904556
DNase,-2130,0.04121164055241607
DNase,-2120,0.04171675718769546
DNase,-2110,0.042142353546766355
DNase,-2100,0.04267083628374049
DNase,-2090,0.04312905097300621
DNase,-2080,0.04391771211550446
DNase,-2070,0.045061417827996574
DNase,-2060,0.04598436861267975
DNase,-2050,0.046794900564970585
DNase,-2040,0.047028249591964055
DNase,-2030,0.046896850847456525
DNase,-2020,0.04649928361581817
DNase,-2010,0.046404974011298415
DNase,-2000,0.047004866541116304
DNase,-1990,0.04732325800376534
DNase,-1980,0.04781268160702938
DNase,-1970,0.04818901996233406
DNase,-1960,0.04778510521029407
DNase,-1950,0.04730007219083388
DNase,-1940,0.047030672693030844
DNase,-1930,0.04663366089139856
DNase,-1920,0.04656659008160602
DNase,-1910,0.04668180489642072
DNase,-1900,0.047118160326427024
DNase,-1890,0.04723731613308116
DNase,-1880,0.04707922410546031
DNase,-1870,0.04699969591964739
DNase,-1860,0.04730146478342674
DNase,-1850,0.047139119774010294
DNase,-1840,0.04731360514751902
DNase,-1830,0.04859154500941507
DNase,-1820,0.04863951475203898
DNase,-1810,0.049006986691775445
DNase,-1800,0.04973930860012441
DNase,-1790,0.04951531136220835
DNase,-1780,0.04913440012554801
DNase,-1770,0.04920788524795858
DNase,-1760,0.04888809466415449
DNase,-1750,0.04908559121154961
DNase,-1740,0.04950409278091538
DNase,-1730,0.049628226867544346
DNase,-1720,0.049769458254863924
DNase,-1710,0.05023866603891918
DNase,-1700,0.049883566729440304
DNase,-1690,0.050216830382924384
DNase,-1680,0.05113636572504594
DNase,-1670,0.051115986440676844
DNase,-1660,0.0515135859384798
DNase,-1650,0.05219961456371536
DNase,-1640,0.05139689981167492
DNase,-1630,0.05115091964846077
DNase,-1620,0.051459719020714306
DNase,-1610,0.05187752027620727
DNase,-1600,0.051963489642183634
DNase,-1590,0.05178712341493904
DNase,-1580,0.05161098631512774
DNase,-1570,0.05181590621468802
DNase,-1560,0.05221425298179437
DNase,-1550,0.05440861355932102
DNase,-1540,0.056471743377274515
DNase,-1530,0.058208033270557354
DNase,-1520,0.05988521016949051
DNase,-1510,0.060969535216571225
DNase,-1500,0.061701494161957415
DNase,-1490,0.0628222544883852
DNase,-1480,0.06364333433772616
DNase,-1470,0.06514555643439915
DNase,-1460,0.06554573094789604
DNase,-1450,0.0665023866917755
DNase,-1440,0.06799294350282406
DNase,-1430,0.0690197590709343
DNase,-1420,0.06945071726302478
DNase,-1410,0.06968542259886953
DNase,-1400,0.06957240100439367
DNase,-1390,0.06913408374136756
DNase,-1380,0.07032275442561146
DNase,-1370,0.07109097175141178
DNase,-1360,0.07144403816697989
DNase,-1350,0.07188346905210209
DNase,-1340,0.07135796045197704
DNase,-1330,0.07175585360954136
DNase,-1320,0.07240147131198932
DNase,-1310,0.07430315580665346
DNase,-1300,0.0754759588198362
DNase,-1290,0.07489627708725628
DNase,-1280,0.0756240478342747
DNase,-1270,0.07553263440050167
DNase,-1260,0.07420452479598177
DNase,-1250,0.07505906817325769
DNase,-1240,0.07525512040175711
DNase,-1230,0.07497183603264232
DNase,-1220,0.07575594111738772
DNase,-1210,0.07682910546139313
DNase,-1200,0.07579301506591285
DNase,-1190,0.07563775618330083
DNase,-1180,0.07505441908348971
DNase,-1170,0.07327669805398565
DNase,-1160,0.07302728913998707
DNase,-1150,0.07305574312617626
DNase,-1140,0.07314711475203936
DNase,-1130,0.07294096484620159
DNase,-1120,0.07348597137476422
DNase,-1110,0.07462746779661
DNase,-1100,0.07557006905210252
DNase,-1090,0.07684859058380365
DNase,-1080,0.07764141807909578
DNase,-1070,0.07897873722536083
DNase,-1060,0.08001054764595113
DNase,-1050,0.08052353760200899
DNase,-1040,0.08155788060263647
DNase,-1030,0.08214788750784689
DNase,-1020,0.08292568750784653
DNase,-1010,0.08364447947269257
DNase,-1000,0.0834377299435031
DNase,-990,0.08444487357187698
DNase,-980,0.08555749315756454
DNase,-970,0.08642702322661629
DNase,-960,0.08699332492153142
DNase,-950,0.08766460715630882
DNase,-940,0.08711822686754547
DNase,-930,0.08693660527306965
DNase,-920,0.08784102686754514
DNase,-910,0.08976283226616463
DNase,-900,0.09011566616446907
DNase,-890,0.0901650015065912
DNase,-880,0.08992534739485239
DNase,-870,0.09106876547394809
DNase,-860,0.09085728951663545
DNase,-850,0.09146771224105422
DNase,-840,0.0921888418079095
DNase,-830,0.09102481581920867
DNase,-820,0.09067551550533576
DNase,-810,0.09176836220966735
DNase,-800,0.09277151173885739
DNase,-790,0.09311287997488985
DNase,-780,0.09379941192718108
DNase,-770,0.09358749780288708
DNase,-760,0.0930651746390459
DNase,-750,0.09348989416195826
DNase,-740,0.09464030382925287
DNase,-730,0.09603460012554924
DNase,-720,0.09659863226616434
DNase,-710,0.09798767696170765
DNase,-700,0.09865603979912115
DNase,-690,0.09902166641556806
DNase,-680,0.10036770345260546
DNase,-670,0.10165517652228546
DNase,-660,0.10214350031387326
DNase,-650,0.10299704092906493
DNase,-640,0.10413643013182727
DNase,-630,0.10461407645951086
DNase,-620,0.10618399096045257
DNase,-610,0.10850628750784756
DNase,-600,0.10949478744507252
DNase,-590,0.1113308161958577
DNase,-580,0.11135005360954216
DNase,-570,0.1103325275580673
DNase,-560,0.11010400954174578
DNase,-550,0.1103662415568116
DNase,-540,0.11140001192718169
DNase,-530,0.11411376597614607
DNase,-520,0.11574816271186446
DNase,-510,0.11657368135593245
DNase,-500,0.1179308375392347
DNase,-490,0.11802448700564998
DNase,-480,0.11803605913371065
DNase,-470,0.11874979899560602
DNase,-460,0.11825717388575041
DNase,-450,0.11886627357187711
DNase,-440,0.11843009717514139
DNase,-430,0.11845514940364105
DNase,-420,0.11802247382297552
DNase,-410,0.11741117689893332
DNase,-400,0.11552395668549986
DNase,-390,0.11602067746390488
DNase,-380,0.11684032002510994
DNase,-370,0.11718680590081691
DNase,-360,0.11805772818581349
DNase,-350,0.1180473092278718
DNase,-340,0.11853596371625855
DNase,-330,0.11905255856873923
DNase,-320,0.11932221933458956
DNase,-310,0.11899251701192774
DNase,-300,0.11881707909604516
DNase,-290,0.11791825047081013
DNase,-280,0.11814123967357194
DNase,-270,0.11877639736346517
DNase,-260,0.11823313396107998
DNase,-250,0.11693028537350908
DNase,-240,0.11622891625863147
DNase,-230,0.11573637514124263
DNase,-220,0.1157860829880727
DNase,-210,0.11566932178280022
DNase,-200,0.11446067206528544
DNase,-190,0.11366469416195914
DNase,-180,0.1115641812931574
DNase,-170,0.10984075630885157
DNase,-160,0.10821301418706855
DNase,-150,0.10551857878217247
DNase,-140,0.1038194867545514
DNase,-130,0.1026160313873202
DNase,-120,0.10124298782172042
DNase,-110,0.10034208549905813
DNase,-100,0.09992869014438192
DNase,-90,0.09888719686126841
DNase,-80,0.09771644946641597
DNase,-70,0.09710098355304468
DNase,-60,0.09698567470182064
DNase,-50,0.0967863885750156
DNase,-40,0.09703709880728148
DNase,-30,0.09713372580037699
DNase,-20,0.09637820112994364
DNase,-10,0.09614671010671703
DNase,0,0.0955548138104207
DNase,10,0.09565235630885192
DNase,20,0.09584614061519155
DNase,30,0.09573753483992492
DNase,40,0.09542889817953541
DNase,50,0.09533273446327675
DNase,60,0.09411050571249237
DNase,70,0.09321269478970526
DNase,80,0.0932026057752668
DNase,90,0.09260169240426866
DNase,100,0.09228655543000658
DNase,110,0.09288212969240466
DNase,120,0.09251276735718797
DNase,130,0.09281284720652896
DNase,140,0.09326619899560583
DNase,150,0.09294300389202788
DNase,160,0.09329282661644689
DNase,170,0.0937247482736979
DNase,180,0.09391205875706209
DNase,190,0.09503749767733849
DNase,200,0.09608002335216602
DNase,210,0.09848559974890131
DNase,220,0.1011672336472067
DNase,230,0.10346940389202795
DNase,240,0.10585114538606391
DNase,250,0.10686533998744537
DNase,260,0.10714985951035798
DNase,270,0.1067161000627747
DNase,280,0.10839848612680535
DNase,290,0.10920758920276245
DNase,300,0.10941044645323326
DNase,310,0.11031030332705623
DNase,320,0.11170162536095475
DNase,330,0.11142154036409359
DNase,340,0.1126825663527939
DNase,350,0.11334396158192114
DNase,360,0.11302263201506584
DNase,370,0.11366631839296944
DNase,380,0.11498291098556251
DNase,390,0.11627064293785294
DNase,400,0.11678567658506055
DNase,410,0.11710034174513552
DNase,420,0.1162539068424364
DNase,430,0.1170040172002511
DNase,440,0.11848983628374188
DNase,450,0.11899180878844978
DNase,460,0.11858074237288185
DNase,470,0.11748736911487782
DNase,480,0.11604221657250521
DNase,490,0.11528672140615219
DNase,500,0.1160035829252989
DNase,510,0.11823834990583859
DNase,520,0.1185918975517895
DNase,530,0.11803446038920358
DNase,540,0.11700165486503433
DNase,550,0.11566726189579431
DNase,560,0.11553964921531718
DNase,570,0.11548484256120568
DNase,580,0.11647723477715026
DNase,590,0.11593596133082282
DNase,600,0.1137697232893915
DNase,610,0.1131191014438168
DNase,620,0.11141773483992505
DNase,630,0.10911841707470187
DNase,640,0.10763302460765845
DNase,650,0.10674282887633442
DNase,660,0.10646544532328964
DNase,670,0.1067191222849971
DNase,680,0.10575028913998752
DNase,690,0.10465315894538618
DNase,700,0.10326906679221577
DNase,710,0.10188410257376014
DNase,720,0.10031404708097942
DNase,730,0.10014856672944175
DNase,740,0.1002483760200882
DNase,750,0.09980086038920326
DNase,760,0.0990411328311363
DNase,770,0.09898113785310707
DNase,780,0.0976147463904583
DNase,790,0.095991505210295
DNase,800,0.09645894714375394
DNase,810,0.09564366478342759
DNase,820,0.09448610156936584
DNase,830,0.09446322900188313
DNase,840,0.09345621406151924
DNase,850,0.0917037440050215
DNase,860,0.09214735354676722
DNase,870,0.09114053659761394
DNase,880,0.08912578104205918
DNase,890,0.08933166553672287
DNase,900,0.08912062109227863
DNase,910,0.08823576635279337
DNase,920,0.08844383640929046
DNase,930,0.08853715693659699
DNase,940,0.0872662361581916
DNase,950,0.08596266177024466
DNase,960,0.08510943452605076
DNase,970,0.08461635191462612
DNase,980,0.08400828675455102
DNase,990,0.08484384080351534
DNase,1000,0.08540859836785929
DNase,1010,0.08593889052102925
DNase,1020,0.08639489742623953
DNase,1030,0.08615657338355315
DNase,1040,0.0858126232266162
DNase,1050,0.08471316258631491
DNase,1060,0.08438014124293751
DNase,1070,0.08437934777149993
DNase,1080,0.08445251902071531
DNase,1090,0.08493464482109203
DNase,1100,0.08514894425612085
DNase,1110,0.08470835304456976
DNase,1120,0.08352676861268025
DNase,1130,0.08309534187068418
DNase,1140,0.08161504670433098
DNase,1150,0.08059440615191432
DNase,1160,0.08037191977401124
DNase,1170,0.08062170608913999
DNase,1180,0.08080415116133025
DNase,1190,0.08085832215944673
DNase,1200,0.0804431997489009
DNase,1210,0.08031771048336468
DNase,1220,0.08037713082234725
DNase,1230,0.08077365913370997
DNase,1240,0.08116101694915218
DNase,1250,0.08125793873195229
DNase,1260,0.0806410995605774
DNase,1270,0.07965400552416767
DNase,1280,0.07849724205900757
DNase,1290,0.07899816798493346
DNase,1300,0.07818562498430612
DNase,1310,0.07780296045197707
DNase,1320,0.07788825197740094
DNase,1330,0.07653819083490228
DNase,1340,0.07628687419962281
DNase,1350,0.07613337087256661
DNase,1360,0.0746955510357812
DNase,1370,0.07324063126176968
DNase,1380,0.07250560075329514
DNase,1390,0.0718505338355298
DNase,1400,0.0704190031387311
DNase,1410,0.06891351148775797
DNase,1420,0.06792698179535364
DNase,1430,0.06576906603891924
DNase,1440,0.06397065649717404
DNase,1450,0.06252162460765746
DNase,1460,0.06133224318895077
DNase,1470,0.060506867294411834
DNase,1480,0.060209979158818615
DNase,1490,0.05962503640928927
DNase,1500,0.05971750269930825
DNase,1510,0.05999116798493281
DNase,1520,0.059444809792842605
DNase,1530,0.059246189704958145
DNase,1540,0.05862189001883118
DNase,1550,0.0574433677338344
DNase,1560,0.056320132328938136
DNase,1570,0.05592320665411069
DNase,1580,0.056273650094160875
DNase,1590,0.055904130069050956
DNase,1600,0.0555661712492141
DNase,1610,0.05500122109227758
DNase,1620,0.05436470182046342
DNase,1630,0.05391084908976665
DNase,1640,0.052934860389201685
DNase,1650,0.05193879460137999
DNase,1660,0.05142443327055759
DNase,1670,0.05084704959196391
DNase,1680,0.0502453830508464
DNase,1690,0.05006358882611314
DNase,1700,0.050079452730695695
DNase,1710,0.04983893684871202
DNase,1720,0.05021358104205801
DNase,1730,0.05066245725046976
DNase,1740,0.05110776848713024
DNase,1750,0.05106717790332596
DNase,1760,0.051091933207782936
DNase,1770,0.050987298305083494
DNase,1780,0.05089082259886881
DNase,1790,0.050861869052101695
DNase,1800,0.051245005524167005
DNase,1810,0.05130598418078961
DNase,1820,0.051213649591963534
DNase,1830,0.05149133345888151
DNase,1840,0.051460889139986206
DNase,1850,0.05185737802887496
DNase,1860,0.051747077338354326
DNase,1870,0.051925932705585806
DNase,1880,0.051824341494035385
DNase,1890,0.05137536007532847
DNase,1900,0.050437557564342914
DNase,1910,0.04969226478342641
DNase,1920,0.04896814312617597
DNase,1930,0.04885735881983582
DNase,1940,0.04907292228499575
DNase,1950,0.04904752266164384
DNase,1960,0.04924882812303734
DNase,1970,0.049758696421844675
DNase,1980,0.04997406064030028
DNase,1990,0.04996425825486401
DNase,2000,0.05049076258631382
DNase,2010,0.05145582736974123
DNase,2020,0.05135750809792724
DNase,2030,0.051329222347770355
DNase,2040,0.05147007696170613
DNase,2050,0.05077135254237148
DNase,2060,0.05049816321406022
DNase,2070,0.050225643816696905
DNase,2080,0.04922736484620091
DNase,2090,0.04919102423100941
DNase,2100,0.04764675442561082
DNase,2110,0.04655340828625119
DNase,2120,0.04543849026992986
DNase,2130,0.04461604017576802
DNase,2140,0.043705126679220774
DNase,2150,0.04340188964218369
DNase,2160,0.042911398367858324
DNase,2170,0.04280591086001172
DNase,2180,0.042226750784682146
DNase,2190,0.04218967821719943
DNase,2200,0.04277861255492692
DNase,2210,0.042487461268046714
DNase,2220,0.042145588449465525
DNase,2230,0.0421967343377266
DNase,2240,0.04160719472692949
DNase,2250,0.04192568148148054
DNase,2260,0.042816757313244615
DNase,2270,0.04402806440677864
DNase,2280,0.044453888888887745
DNase,2290,0.044354385687381384
DNase,2300,0.04427187809165
DNase,2310,0.04351875028248485
DNase,2320,0.04328165662272344
DNase,2330,0.043980815065912476
DNase,2340,0.04430644733207685
DNase,2350,0.0440870600125541
DNase,2360,0.043959298807280923
DNase,2370,0.04354537514124196
DNase,2380,0.04342432592592502
DNase,2390,0.043610430382924385
DNase,2400,0.044254539736345626
DNase,2410,0.04433175681104729
DNase,2420,0.04392433057124821
DNase,2430,0.04319454952918913
DNase,2440,0.042539020841179304
DNase,2450,0.041848017074700906
DNase,2460,0.039992674701819574
DNase,2470,0.039318707470181416
DNase,2480,0.03867157275580596
DNase,2490,0.038378438543627734
DNase,2500,0.0383565681104827
DNase,2510,0.03790298392969169
DNase,2520,0.03726861079723735
DNase,2530,0.03690860451977344
DNase,2540,0.03674626415568047
DNase,2550,0.036159147771499686
DNase,2560,0.036086994350281794
DNase,2570,0.03553137551789032
DNase,2580,0.03516503590709304
DNase,2590,0.035180089391085606
DNase,2600,0.035663649466415044
DNase,2610,0.03623170420590003
DNase,2620,0.03637737099811602
DNase,2630,0.0366277594475826
DNase,2640,0.036632618455743324
DNase,2650,0.03739442033898231
DNase,2660,0.03759955266792149
DNase,2670,0.03778676559949717
DNase,2680,0.03810699987445
DNase,2690,0.0382080956685491
DNase,2700,0.03830721870684169
DNase,2710,0.038616690395479415
DNase,2720,0.03872409968612597
DNase,2730,0.03893435430006217
DNase,2740,0.039279052479597315
DNase,2750,0.039827824356559106
DNase,2760,0.04032693396107883
DNase,2770,0.03985304858756977
DNase,2780,0.04032885561832947
DNase,2790,0.03975279158819754
DNase,2800,0.039686563465159225
DNase,2810,0.04018013057124833
DNase,2820,0.040445821468925613
DNase,2830,0.04075015919648371
DNase,2840,0.041370851349653716
DNase,2850,0.04168037087256653
DNase,2860,0.04171863339610689
DNase,2870,0.04151403163841723
DNase,2880,0.04079889215316914
DNase,2890,0.04059457903326956
DNase,2900,0.04049910420589987
DNase,2910,0.04036880652856141
DNase,2920,0.04084966239799024
DNase,2930,0.041216956685498206
DNase,2940,0.04098534588826031
DNase,2950,0.04088693571876883
DNase,2960,0.04060024444444352
DNase,2970,0.041530546390457
DNase,2980,0.04221829943502733
DNase,2990,0.04231835392341422
DNase,3000,0.04262705536723067
DNase,3010,0.04281271035781456
DNase,3020,0.04246856798493316
DNase,3030,0.04225332655367135
DNase,3040,0.04249128097928338
H3K27me3,-2950,0.06686601004394147
H3K27me3,-2940,0.06710921042058918
H3K27me3,-2930,0.06797616522284912
H3K27me3,-2920,0.06903340225988645
H3K27me3,-2910,0.06873503126176961
H3K27me3,-2900,0.0686078052730689
H3K27me3,-2890,0.0679108610169485
H3K27me3,-2880,0.06697184532328851
H3K27me3,-2870,0.06641902372881278
H3K27me3,-2860,0.06687501669805329
H3K27me3,-2850,0.06742109001883141
H3K27me3,-2840,0.06797391299434967
H3K27me3,-2830,0.06839838719397293
H3K27me3,-2820,0.06851097777777711
H3K27me3,-2810,0.06825764645323222
H3K27me3,-2800,0.06831844331450015
H3K27me3,-2790,0.06867423804143062
H3K27me3,-2780,0.06978551801632073
H3K27me3,-2770,0.07026403113622041
H3K27me3,-2760,0.07031357049591924
H3K27me3,-2750,0.06998255015693622
H3K27me3,-2740,0.07010527633396038
H3K27me3,-2730,0.07044305235404831
H3K27me3,-2720,0.0707357922159442
H3K27me3,-2710,0.07087765938480814
H3K27me3,-2700,0.07048808675455039
H3K27me3,-2690,0.07043742510985494
H3K27me3,-2680,0.07045769177652174
H3K27me3,-2670,0.07096548148148116
H3K27me3,-2660,0.07135729792843643
H3K27me3,-2650,0.07212855141242876
H3K27me3,-2640,0.07196191613308171
H3K27me3,-2630,0.07237737827997462
H3K27me3,-2620,0.07314075191462618
H3K27me3,-2610,0.07233797237915848
H3K27me3,-2600,0.07212968148148122
H3K27me3,-2590,0.07280635618330156
H3K27me3,-2580,0.07271065473948488
H3K27me3,-2570,0.07268475668549867
H3K27me3,-2560,0.07330738882611366
H3K27me3,-2550,0.07322406767106035
H3K27me3,-2540,0.07330513760200855
H3K27me3,-2530,0.07339858694287459
H3K27me3,-2520,0.0738230597614561
H3K27me3,-2510,0.07322745097300648
H3K27me3,-2500,0.07350105034526018
H3K27me3,-2490,0.07375775819209006
H3K27me3,-2480,0.07340872115505277
H3K27me3,-2470,0.07422050470809757
H3K27me3,-2460,0.07451099309478952
H3K27me3,-2450,0.074469333458882
H3K27me3,-2440,0.07448622385436258
H3K27me3,-2430,0.07404936559949753
H3K27me3,-2420,0.07365417300690484
H3K27me3,-2410,0.0742520374136848
H3K27me3,-2400,0.0742160089139984
H3K27me3,-2390,0.0742891881983675
H3K27me3,-2380,0.07463372341494005
H3K27me3,-2370,0.07534868185812899
H3K27me3,-2360,0.07587898656622692
H3K27me3,-2350,0.07595442322661601
H3K27me3,-2340,0.07639015442561185
H3K27me3,-2330,0.07694635517890752
H3K27me3,-2320,0.07619987256748274
H3K27me3,-2310,0.07640366189579398
H3K27me3,-2300,0.07615483678593825
H3K27me3,-2290,0.0766356059008158
H3K27me3,-2280,0.07628319196484602
H3K27me3,-2270,0.0767256755806653
H3K27me3,-2260,0.07765680929064622
H3K27me3,-2250,0.0770916015065912
H3K27me3,-2240,0.07681687771500303
H3K27me3,-2230,0.07737532981795346
H3K27me3,-2220,0.07786060502197098
H3K27me3,-2210,0.07802611550533536
H3K27me3,-2200,0.07862284645323277
H3K27me3,-2190,0.07853165285624596
H3K27me3,-2180,0.07812857765222835
H3K27me3,-2170,0.07748905147520391
H3K27me3,-2160,0.0775599855618329
H3K27me3,-2150,0.07877935505335816
H3K27me3,-2140,0.07882439234149367
H3K27me3,-2130,0.07900791801632107
H3K27me3,-2120,0.07970486277463898
H3K27me3,-2110,0.07994580590081585
H3K27me3,-2100,0.08064162234777145
H3K27me3,-2090,0.08079700087884496
H3K27me3,-2080,0.08059095907093511
H3K27me3,-2070,0.0811325224105459
H3K27me3,-2060,0.08195669591964844
H3K27me3,-2050,0.08167071286880104
H3K27me3,-2040,0.0816639584431889
H3K27me3,-2030,0.08129578204645313
H3K27me3,-2020,0.08168759912115527
H3K27me3,-2010,0.08178893446327695
H3K27me3,-2000,0.08199610257376026
H3K27me3,-1990,0.08302068462021382
H3K27me3,-1980,0.08300605021971147
H3K27me3,-1970,0.08217174978028881
H3K27me3,-1960,0.0827268203389831
H3K27me3,-1950,0.08273695505335876
H3K27me3,-1940,0.08267277991211573
H3K27me3,-1930,0.08377393157564364
H3K27me3,-1920,0.08349582887633399
H3K27me3,-1910,0.08481315417451378
H3K27me3,-1900,0.08531531010671695
H3K27me3,-1890,0.08568799058380425
H3K27me3,-1880,0.08608769026993122
H3K27me3,-1870,0.08583323314500965
H3K27me3,-1860,0.0850822455743884
H3K27me3,-1850,0.08496852881355979
H3K27me3,-1840,0.08450915367231651
H3K27me3,-1830,0.08470393433772783
H3K27me3,-1820,0.08424906892655397
H3K27me3,-1810,0.08415448913998738
H3K27me3,-1800,0.08491673559322084
H3K27me3,-1790,0.085286033772756
H3K27me3,-1780,0.08480076647834289
H3K27me3,-1770,0.08428959824231022
H3K27me3,-1760,0.0844078175768994
H3K27me3,-1750,0.08410156974262438
H3K27me3,-1740,0.08474222033898333
H3K27me3,-1730,0.08544704256120536
H3K27me3,-1720,0.08532318995605778
H3K27me3,-1710,0.08543465913371016
H3K27me3,-1700,0.08548194865034536
H3K27me3,-1690,0.08601000276208438
H3K27me3,-1680,0.0860268891399875
H3K27me3,-1670,0.08525901682360336
H3K27me3,-1660,0.0854616801004397
H3K27me3,-1650,0.08632863703703718
H3K27me3,-1640,0.08661237024482137
H3K27me3,-1630,0.08711115040803527
H3K27me3,-1620,0.08715393132454481
H3K27me3,-1610,0.08658309127432544
H3K27me3,-1600,0.08638155078468347
H3K27me3,-1590,0.08644235480226026
H3K27me3,-1580,0.0877754419334594
H3K27me3,-1570,0.08853769089767771
H3K27me3,-1560,0.08886984042686771
H3K27me3,-1550,0.08883493308223489
H3K27me3,-1540,0.08868968951663547
H3K27me3,-1530,0.08926953860640323
H3K27me3,-1520,0.08884731650973035
H3K27me3,-1510,0.08965009868173274
H3K27me3,-1500,0.08996985951035813
H3K27me3,-1490,0.0900340372881357
H3K27me3,-1480,0.09049453697426259
H3K27me3,-1470,0.09070733785310742
H3K27me3,-1460,0.09047314136848729
H3K27me3,-1450,0.09053394413057178
H3K27me3,-1440,0.09093363929692472
H3K27me3,-1430,0.09059023653484026
H3K27me3,-1420,0.09071972102950429
H3K27me3,-1410,0.0906926986817331
H3K27me3,-1400,0.0907152154425616
H3K27me3,-1390,0.09087622322661718
H3K27me3,-1380,0.09141215869428772
H3K27me3,-1370,0.09223295605775315
H3K27me3,-1360,0.09204380439422534
H3K27me3,-1350,0.09182988060263708
H3K27me3,-1340,0.09333635706214731
H3K27me3,-1330,0.09400402849968656
H3K27me3,-1320,0.09412112316384227
H3K27me3,-1310,0.09451744055241765
H3K27me3,-1300,0.09441047771500344
H3K27me3,-1290,0.0943046440677971
H3K27me3,-1280,0.09433842322661706
H3K27me3,-1270,0.09519074149403726
H3K27me3,-1260,0.09503086051475282
H3K27me3,-1250,0.09481581443816756
H3K27me3,-1240,0.09444650822347794
H3K27me3,-1230,0.09377658681732617
H3K27me3,-1220,0.09396912052730728
H3K27me3,-1210,0.09422695467671083
H3K27me3,-1200,0.09494642096672963
H3K27me3,-1190,0.09605994965474007
H3K27me3,-1180,0.09570753735091085
H3K27me3,-1170,0.0950612625235412
H3K27me3,-1160,0.09533936321406215
H3K27me3,-1150,0.09668483590709408
H3K27me3,-1140,0.0970800298807288
H3K27me3,-1130,0.09792785097300778
H3K27me3,-1120,0.09849306151914662
H3K27me3,-1110,0.09899071889516753
H3K27me3,-1100,0.09967077514124328
H3K27me3,-1090,0.10023598380414367
H3K27me3,-1080,0.1007696748273703
H3K27me3,-1070,0.1013934291274335
H3K27me3,-1060,0.10131236421845673
H3K27me3,-1050,0.1009531974890154
H3K27me3,-1040,0.10138104055241756
H3K27me3,-1030,0.10180438518518596
H3K27me3,-1020,0.10199692316384232
H3K27me3,-1010,0.1023256848713126
H3K27me3,-1000,0.10185618053986287
H3K27me3,-990,0.10248106616447039
H3K27me3,-980,0.10390985499058507
H3K27me3,-970,0.10405058920276293
H3K27me3,-960,0.10408211839297024
H3K27me3,-950,0.10374096735718863
H3K27me3,-940,0.10341445047081048
H3K27me3,-930,0.10330186377903375
H3K27me3,-920,0.10338630433145071
H3K27me3,-910,0.10432644344005115
H3K27me3,-900,0.10428140753295778
H3K27me3,-890,0.1041980930320158
H3K27me3,-880,0.1038648213433783
H3K27me3,-870,0.10489278129315849
H3K27me3,-860,0.10595790295040892
H3K27me3,-850,0.10667511299435142
H3K27me3,-840,0.10756909353421305
H3K27me3,-830,0.10754094375392406
H3K27me3,-820,0.10638688173258087
H3K27me3,-810,0.10529136133082304
H3K27me3,-800,0.10428028650345338
H3K27me3,-790,0.1049828593848092
H3K27me3,-780,0.1062754128060272
H3K27me3,-770,0.10758259937225455
H3K27me3,-760,0.10894158606403151
H3K27me3,-750,0.10878170320150776
H3K27me3,-740,0.10826941054613992
H3K27me3,-730,0.10772559786566285
H3K27me3,-720,0.10859030144381747
H3K27me3,-710,0.10854526264909105
H3K27me3,-700,0.10908570345260603
H3K27me3,-690,0.10832120866290089
H3K27me3,-680,0.10875468600125603
H3K27me3,-670,0.1092906170747025
H3K27me3,-660,0.10979503163841928
H3K27me3,-650,0.11054038782172088
H3K27me3,-640,0.11007425524168328
H3K27me3,-630,0.10999657564344066
H3K27me3,-620,0.11046720640301397
H3K27me3,-610,0.11093221155053447
H3K27me3,-600,0.11242292554927918
H3K27me3,-590,0.11342724256120662
H3K27me3,-580,0.1137447541745144
H3K27me3,-570,0.1135510954174521
H3K27me3,-560,0.11377852944130648
H3K27me3,-550,0.11428857350910313
H3K27me3,-540,0.11474795467671135
H3K27me3,-530,0.11496187281858221
H3K27me3,-520,0.11503730885122494
H3K27me3,-510,0.11520394136848815
H3K27me3,-500,0.11591777350910334
H3K27me3,-490,0.11651901958568837
H3K27me3,-480,0.11677797740113094
H3K27me3,-470,0.11706283151286971
H3K27me3,-460,0.11712476283741462
H3K27me3,-450,0.11749181468926657
H3K27me3,-440,0.1181561054613944
H3K27me3,-430,0.11847136484620312
H3K27me3,-420,0.11882714990583904
H3K27me3,-410,0.11898590508474682
H3K27me3,-400,0.11808742862523633
H3K27me3,-390,0.11878324193345981
H3K27me3,-380,0.11927076258631675
H3K27me3,-370,0.11922684971751543
H3K27me3,-360,0.12007917401130061
H3K27me3,-350,0.12064213094789802
H3K27me3,-340,0.12061511136221091
H3K27me3,-330,0.12157664469554372
H3K27me3,-320,0.12237041795354789
H3K27me3,-310,0.12261023565599602
H3K27me3,-300,0.12318558317639777
H3K27me3,-290,0.12289959811676132
H3K27me3,-280,0.12340513860640406
H3K27me3,-270,0.12349295718769747
H3K27me3,-260,0.12439819347143859
H3K27me3,-250,0.12494088826114362
H3K27me3,-240,0.12515481456371738
H3K27me3,-230,0.12644737011927296
H3K27me3,-220,0.12721299058380506
H3K27me3,-210,0.12801577300690647
H3K27me3,-200,0.12889511726302674
H3K27me3,-190,0.12836030634023962
H3K27me3,-180,0.128821930445701
H3K27me3,-170,0.12915970207156435
H3K27me3,-160,0.12955265172630354
H3K27me3,-150,0.13131133822975546
H3K27me3,-140,0.1319204613935974
H3K27me3,-130,0.13228525900816143
H3K27me3,-120,0.13270635078468354
H3K27me3,-110,0.13289550558694324
H3K27me3,-100,0.13269058870056555
H3K27me3,-90,0.13249467269303297
H3K27me3,-80,0.13288311864406815
H3K27me3,-70,0.1327254921531707
H3K27me3,-60,0.1332861898305091
H3K27me3,-50,0.13313757940991888
H3K27me3,-40,0.13354516070307654
H3K27me3,-30,0.13350912843691207
H3K27me3,-20,0.13376583691148847
H3K27me3,-10,0.1343479349654746
H3K27me3,0,0.1350178605147525
H3K27me3,10,0.1357046731952292
H3K27me3,20,0.13671799849340854
H3K27me3,30,0.13768629089767737
H3K27me3,40,0.13877392291274288
H3K27me3,50,0.1378213958568737
H3K27me3,60,0.13727195040803475
H3K27me3,70,0.13720551261770225
H3K27me3,80,0.13535788688010078
H3K27me3,90,0.13474313408662875
H3K27me3,100,0.13443013458882624
H3K27me3,110,0.13344157112366653
H3K27me3,120,0.13320512831136283
H3K27me3,130,0.13256560715630972
H3K27me3,140,0.13186866453232987
H3K27me3,150,0.13218955015693723
H3K27me3,160,0.13233704607658603
H3K27me3,170,0.13311505298179596
H3K27me3,180,0.13339315580665478
H3K27me3,190,0.13309928989328373
H3K27me3,200,0.13194072467043413
H3K27me3,210,0.13134286365348427
H3K27me3,220,0.13067406930320194
H3K27me3,230,0.13114357677338428
H3K27me3,240,0.13142054701820574
H3K27me3,250,0.13099044482109296
H3K27me3,260,0.13115483276836226
H3K27me3,270,0.13087335040803583
H3K27me3,280,0.12967537940991924
H3K27me3,290,0.12854157790332824
H3K27me3,300,0.12724001318267522
H3K27me3,310,0.12567723728813676
H3K27me3,320,0.12454005373509233
H3K27me3,330,0.12463125586942994
H3K27me3,340,0.12392079974890262
H3K27me3,350,0.12397034023854499
H3K27me3,360,0.12389041029504179
H3K27me3,370,0.12329817350910319
H3K27me3,380,0.12307861732580093
H3K27me3,390,0.12316981694915347
H3K27me3,400,0.12326551864406887
H3K27me3,410,0.12239969340866402
H3K27me3,420,0.12341864507219234
H3K27me3,430,0.12177818104206012
H3K27me3,440,0.12094387156308978
H3K27me3,450,0.1199620762084131
H3K27me3,460,0.11930791751412537
H3K27me3,470,0.1191570473320788
H3K27me3,480,0.11965808123038378
H3K27me3,490,0.1191480359070947
H3K27me3,500,0.11862448010044044
H3K27me3,510,0.11786111173885812
H3K27me3,520,0.11702230634023927
H3K27me3,530,0.11683539861895917
H3K27me3,540,0.11651000991839434
H3K27me3,550,0.11646497539234248
H3K27me3,560,0.11631297539234217
H3K27me3,570,0.11555073057125055
H3K27me3,580,0.11498213822975588
H3K27me3,590,0.11418724369114959
H3K27me3,600,0.11384496220966786
H3K27me3,610,0.11483914613936044
H3K27me3,620,0.1157736523540501
H3K27me3,630,0.11546515856873907
H3K27me3,640,0.11613958480853778
H3K27me3,650,0.1157241225360964
H3K27me3,660,0.1142266484620221
H3K27me3,670,0.11201196522285095
H3K27me3,680,0.1116955840552425
H3K27me3,690,0.11035010684243662
H3K27me3,700,0.11016883565599618
H3K27me3,710,0.11073180012555053
H3K27me3,720,0.11038726290018909
H3K27me3,730,0.11022288323917219
H3K27me3,740,0.11096485825486585
H3K27me3,750,0.11070702699309559
H3K27me3,760,0.11086015404896507
H3K27me3,770,0.111510936848714
H3K27me3,780,0.11061807859384898
H3K27me3,790,0.11075318882611505
H3K27me3,800,0.11020937463904651
H3K27me3,810,0.10944036986817413
H3K27me3,820,0.1095811067168872
H3K27me3,830,0.10919378895166446
H3K27me3,840,0.10933903640929185
H3K27me3,850,0.10936267532956795
H3K27me3,860,0.10843267219083554
H3K27me3,870,0.10788547382297636
H3K27me3,880,0.10734503239171464
H3K27me3,890,0.10655351575643503
H3K27me3,900,0.10662219133710082
H3K27me3,910,0.10609301029504158
H3K27me3,920,0.10635760075329667
H3K27me3,930,0.10686313822975609
H3K27me3,940,0.10744861669805507
H3K27me3,950,0.10689466352793572
H3K27me3,960,0.10636435693659875
H3K27me3,970,0.10576650081607117
H3K27me3,980,0.10540732944130653
H3K27me3,990,0.10559535367231729
H3K27me3,1000,0.10600743829253069
H3K27me3,1010,0.10581378719397436
H3K27me3,1020,0.10467435907093627
H3K27me3,1030,0.10402470207156424
H3K27me3,1040,0.10397290269931055
H3K27me3,1050,0.1044559249215326
H3K27me3,1060,0.1044063859384818
H3K27me3,1070,0.10402244456999465
H3K27me3,1080,0.10323543239171419
H3K27me3,1090,0.10275353584431954
H3K27me3,1100,0.10149588562460847
H3K27me3,1110,0.1008529904582553
H3K27me3,1120,0.10029565386064093
H3K27me3,1130,0.1006987383553052
H3K27me3,1140,0.10141594676710664
H3K27me3,1150,0.10203182799748958
H3K27me3,1160,0.10214779472693132
H3K27me3,1170,0.10213540753295729
H3K27me3,1180,0.10107591726302678
H3K27me3,1190,0.10011213195229217
H3K27me3,1200,0.09956043314501037
H3K27me3,1210,0.0989636957940999
H3K27me3,1220,0.0985054518518525
H3K27me3,1230,0.09934088386691828
H3K27me3,1240,0.09995562787194062
H3K27me3,1250,0.10008960941619674
H3K27me3,1260,0.09994549265536794
H3K27me3,1270,0.09927219698681795
H3K27me3,1280,0.09958632768361629
H3K27me3,1290,0.09875877790332761
H3K27me3,1300,0.09949174839924782
H3K27me3,1310,0.1001436581293168
H3K27me3,1320,0.10063118342749632
H3K27me3,1330,0.09995675768989397
H3K27me3,1340,0.09911569566855047
H3K27me3,1350,0.09856399887005696
H3K27me3,1360,0.09828364231010744
H3K27me3,1370,0.09761484532328997
H3K27me3,1380,0.09765650295040852
H3K27me3,1390,0.09704513157564394
H3K27me3,1400,0.09570528487131261
H3K27me3,1410,0.09466831650973072
H3K27me3,1420,0.09428662636534915
H3K27me3,1430,0.09424834488386723
H3K27me3,1440,0.09440710131826789
H3K27me3,1450,0.09414926440678001
H3K27me3,1460,0.09436432077840615
H3K27me3,1470,0.0944892944130575
H3K27me3,1480,0.09421569566855023
H3K27me3,1490,0.09411098367859438
H3K27me3,1500,0.09418642184557494
H3K27me3,1510,0.09354915191462682
H3K27me3,1520,0.09323614325172677
H3K27me3,1530,0.09336449692404344
H3K27me3,1540,0.09237594689265594
H3K27me3,1550,0.09245926340238582
H3K27me3,1560,0.09215526440677989
H3K27me3,1570,0.0919886291274332
H3K27me3,1580,0.0917398040175774
H3K27me3,1590,0.09167112253609552
H3K27me3,1600,0.09059587043314553
H3K27me3,1610,0.09041684908976792
H3K27me3,1620,0.0905609645951038
H3K27me3,1630,0.0903177674827373
H3K27me3,1640,0.09079290634023886
H3K27me3,1650,0.09042135492780919
H3K27me3,1660,0.09020742536095443
H3K27me3,1670,0.09042360075329621
H3K27me3,1680,0.0896782425612058
H3K27me3,1690,0.0902749786566232
H3K27me3,1700,0.09054295417451395
H3K27me3,1710,0.09061275718769643
H3K27me3,1720,0.09053957137476477
H3K27me3,1730,0.09008807871939799
H3K27me3,1740,0.0895116096672949
H3K27me3,1750,0.08836317589453893
H3K27me3,1760,0.0884982849968619
H3K27me3,1770,0.08875273961079778
H3K27me3,1780,0.08796909843063438
H3K27me3,1790,0.08766284984306387
H3K27me3,1800,0.08733295693659789
H3K27me3,1810,0.08583210885122447
H3K27me3,1820,0.0855033411173892
H3K27me3,1830,0.08600774990583845
H3K27me3,1840,0.08580959259259255
H3K27me3,1850,0.08558553245448867
H3K27me3,1860,0.08544366315128712
H3K27me3,1870,0.08527702925298175
H3K27me3,1880,0.08500117903327067
H3K27me3,1890,0.08547632366603926
H3K27me3,1900,0.08591655404896428
H3K27me3,1910,0.08645473998744538
H3K27me3,1920,0.08625319686126827
H3K27me3,1930,0.08644911148775913
H3K27me3,1940,0.08649302059008179
H3K27me3,1950,0.0861012040175771
H3K27me3,1960,0.0857645509102325
H3K27me3,1970,0.08539412580037692
H3K27me3,1980,0.08506985938480871
H3K27me3,1990,0.08402838669177672
H3K27me3,2000,0.08372663779033246
H3K27me3,2010,0.08392930860012575
H3K27me3,2020,0.08347218480853769
H3K27me3,2030,0.083683853609542
H3K27me3,2040,0.08425694337727595
H3K27me3,2050,0.08350145699937246
H3K27me3,2060,0.08222128876333994
H3K27me3,2070,0.08218750734463288
H3K27me3,2080,0.0818666204645323
H3K27me3,2090,0.08145566440677975
H3K27me3,2100,0.08130253785310754
H3K27me3,2110,0.08073845486503459
H3K27me3,2120,0.08078686264908967
H3K27me3,2130,0.08053465762711874
H3K27me3,2140,0.08003249730069069
H3K27me3,2150,0.07986136070307616
H3K27me3,2160,0.07947404243565624
H3K27me3,2170,0.07899665348399243
H3K27me3,2180,0.07851926729441301
H3K27me3,2190,0.07860596133082226
H3K27me3,2200,0.07829746038920272
H3K27me3,2210,0.07826931198995613
H3K27me3,2220,0.07804187771500311
H3K27me3,2230,0.07896737853107348
H3K27me3,2240,0.07893698267419975
H3K27me3,2250,0.07929051964846211
H3K27me3,2260,0.07905858116760836
H3K27me3,2270,0.0787208046453232
H3K27me3,2280,0.07801710621468926
H3K27me3,2290,0.07699252429378516
H3K27me3,2300,0.07624040665411168
H3K27me3,2310,0.07638902824858745
H3K27me3,2320,0.07634399372253588
H3K27me3,2330,0.07644870106716876
H3K27me3,2340,0.07679660929064636
H3K27me3,2350,0.07703868047708687
H3K27me3,2360,0.07625166716886354
H3K27me3,2370,0.07590600929064639
H3K27me3,2380,0.07526648851224071
H3K27me3,2390,0.07467538317639641
H3K27me3,2400,0.07443893747645902
H3K27me3,2410,0.07453464105461378
H3K27me3,2420,0.07424866126804737
H3K27me3,2430,0.07365530043942219
H3K27me3,2440,0.07255978267419923
H3K27me3,2450,0.07264985298179488
H3K27me3,2460,0.07234585536723137
H3K27me3,2470,0.07342561255492742
H3K27me3,2480,0.07443330897677299
H3K27me3,2490,0.07402122372881337
H3K27me3,2500,0.07362377652228455
H3K27me3,2510,0.07353820338983018
H3K27me3,2520,0.07321619485247928
H3K27me3,2530,0.07364741657250438
H3K27me3,2540,0.07408427332077822
H3K27me3,2550,0.07421488022598827
H3K27me3,2560,0.07389286189579385
H3K27me3,2570,0.0731824126804768
H3K27me3,2580,0.0724865920903949
H3K27me3,2590,0.07203735354676649
H3K27me3,2600,0.07163089717514061
H3K27me3,2610,0.07147213848085299
H3K27me3,2620,0.07147213810420538
H3K27me3,2630,0.07085739171374703
H3K27me3,2640,0.07131451688637737
H3K27me3,2650,0.07208126202134277
H3K27me3,2660,0.07226479008160645
H3K27me3,2670,0.07233684921531658
H3K27me3,2680,0.07235486076584992
H3K27me3,2690,0.07211391073446281
H3K27me3,2700,0.0714541259259254
H3K27me3,2710,0.07061644632768299
H3K27me3,2720,0.07007262912743188
H3K27me3,2730,0.06984856497175092
H3K27me3,2740,0.069851942875078
H3K27me3,2750,0.07000506867545454
H3K27me3,2760,0.07063220527306906
H3K27me3,2770,0.06962000451977335
H3K27me3,2780,0.0695760924042681
H3K27me3,2790,0.06984744218455674
H3K27me3,2800,0.06983843276836109
H3K27me3,2810,0.07045431098556118
H3K27me3,2820,0.07087653032015032
H3K27me3,2830,0.07007037124921478
H3K27me3,2840,0.06926872291274264
H3K27me3,2850,0.06930925511613237
H3K27me3,2860,0.06895233948524733
H3K27me3,2870,0.0690942025109848
H3K27me3,2880,0.068847626993094
H3K27me3,2890,0.06860104908976705
H3K27me3,2900,0.06845468097928353
H3K27me3,2910,0.06789397300690451
H3K27me3,2920,0.06801894927809096
H3K27me3,2930,0.06818559108600061
H3K27me3,2940,0.06825651738857437
H3K27me3,2950,0.06756295216572428
H3K27me3,2960,0.06735578556183212
H3K27me3,2970,0.06730850018832324
H3K27me3,2980,0.06718577413684794
H3K27me3,2990,0.06724882448210838
H3K27me3,3000,0.06776674551161276
H3K27me3,3010,0.06710020288763267
H3K27me3,3020,0.06694257376020006
H3K27me3,3030,0.06646180401757602
H3K27me3,3040,0.06594500816070208
H3K4me1,-2950,0.04568405235404983
H3K4me1,-2940,0.0450242934086637
H3K4me1,-2930,0.044807007156309704
H3K4me1,-2920,0.04440403829253059
H3K4me1,-2910,0.0443408302573768
H3K4me1,-2900,0.04462527821720109
H3K4me1,-2890,0.045123060765851396
H3K4me1,-2880,0.04574726390458336
H3K4me1,-2870,0.04584866403013268
H3K4me1,-2860,0.04557738606403099
H3K4me1,-2850,0.0450190274952927
H3K4me1,-2840,0.045079598995606596
H3K4me1,-2830,0.04544306126804849
H3K4me1,-2820,0.04599088411801714
H3K4me1,-2810,0.046570316258632324
H3K4me1,-2800,0.047018052605148346
H3K4me1,-2790,0.046863978656623624
H3K4me1,-2780,0.047061512994351025
H3K4me1,-2770,0.047704151286880984
H3K4me1,-2760,0.0476106523540498
H3K4me1,-2750,0.047538226239799974
H3K4me1,-2740,0.04768308223477805
H3K4me1,-2730,0.04738414752040262
H3K4me1,-2720,0.04719978317639758
H3K4me1,-2710,0.04765937765222927
H3K4me1,-2700,0.04737361481481565
H3K4me1,-2690,0.04779106616447048
H3K4me1,-2680,0.047696252228500546
H3K4me1,-2670,0.04754744293785404
H3K4me1,-2660,0.04797279610797332
H3K4me1,-2650,0.04802284118016401
H3K4me1,-2640,0.04788588261142584
H3K4me1,-2630,0.04829806854990667
H3K4me1,-2620,0.04871551876961794
H3K4me1,-2610,0.048753709604520724
H3K4me1,-2600,0.049031573258004814
H3K4me1,-2590,0.049446389956058726
H3K4me1,-2580,0.04859963615819294
H3K4me1,-2570,0.04777658166980632
H3K4me1,-2560,0.04789378782172095
H3K4me1,-2550,0.04737888336472153
H3K4me1,-2540,0.04737098229755269
H3K4me1,-2530,0.0481084349027002
H3K4me1,-2520,0.04847058041431349
H3K4me1,-2510,0.04857856359071027
H3K4me1,-2500,0.04923173697426327
H3K4me1,-2490,0.0494608759573142
H3K4me1,-2480,0.04958202925298275
H3K4me1,-2470,0.0493871299435037
H3K4me1,-2460,0.04904210935342216
H3K4me1,-2450,0.04889461632140705
H3K4me1,-2440,0.04885906076585143
H3K4me1,-2430,0.0490631762711873
H3K4me1,-2420,0.04903157187696261
H3K4me1,-2410,0.04835996321406232
H3K4me1,-2400,0.048303337853108155
H3K4me1,-2390,0.04765279761456457
H3K4me1,-2380,0.04814662824858843
H3K4me1,-2370,0.04863782385436376
H3K4me1,-2360,0.049316021343378195
H3K4me1,-2350,0.05034845963590811
H3K4me1,-2340,0.050956858003767494
H3K4me1,-2330,0.05138484670433244
H3K4me1,-2320,0.05214732291274427
H3K4me1,-2310,0.052174976020088956
H3K4me1,-2300,0.05247522397991305
H3K4me1,-2290,0.05189843138732054
H3K4me1,-2280,0.05098319560577618
H3K4me1,-2270,0.05048409918393073
H3K4me1,-2260,0.05081200439422578
H3K4me1,-2250,0.051017437288136645
H3K4me1,-2240,0.05076986114249948
H3K4me1,-2230,0.05095949340866385
H3K4me1,-2220,0.0501496084118026
H3K4me1,-2210,0.05003108976773485
H3K4me1,-2200,0.05054862247332185
H3K4me1,-2190,0.050989781669806424
H3K4me1,-2180,0.05193530370370469
H3K4me1,-2170,0.05285975768989425
H3K4me1,-2160,0.05323638681732686
H3K4me1,-2150,0.05345498807281963
H3K4me1,-2140,0.05374206955430109
H3K4me1,-2130,0.05385795517890883
H3K4me1,-2120,0.054799527558067745
H3K4me1,-2110,0.054578291902072716
H3K4me1,-2100,0.05468627445072304
H3K4me1,-2090,0.05450981381042178
H3K4me1,-2080,0.05366832416823715
H3K4me1,-2070,0.05352215028248692
H3K4me1,-2060,0.05351556472065382
H3K4me1,-2050,0.05368017401130038
H3K4me1,-2040,0.053602480351539084
H3K4me1,-2030,0.05372758104206005
H3K4me1,-2020,0.054279355555556574
H3K4me1,-2010,0.05427408801004509
H3K4me1,-2000,0.05415688575015793
H3K4me1,-1990,0.05476792153170213
H3K4me1,-1980,0.055409243816699164
H3K4me1,-1970,0.05576480401757804
H3K4me1,-1960,0.056645798618959034
H3K4me1,-1950,0.05698028713120013
H3K4me1,-1940,0.056406123414941396
H3K4me1,-1930,0.05610982548650461
H3K4me1,-1920,0.05613879635907204
H3K4me1,-1910,0.05629155605775391
H3K4me1,-1900,0.05636003653484113
H3K4me1,-1890,0.05727921883239293
H3K4me1,-1880,0.05720810935342229
H3K4me1,-1870,0.057015843565600625
H3K4me1,-1860,0.05762687645951146
H3K4me1,-1850,0.057312141619586816
H3K4me1,-1840,0.0576374125549288
H3K4me1,-1830,0.05905569491525543
H3K4me1,-1820,0.059491584808538445
H3K4me1,-1810,0.05995117514124417
H3K4me1,-1800,0.06014739020715751
H3K4me1,-1790,0.06003940715630993
H3K4me1,-1780,0.05927429792843809
H3K4me1,-1770,0.058942442435657015
H3K4me1,-1760,0.058710674952920136
H3K4me1,-1750,0.05887791851851965
H3K4me1,-1740,0.05919660439422587
H3K4me1,-1730,0.059581133961080945
H3K4me1,-1720,0.05984582849968734
H3K4me1,-1710,0.05971940514752154
H3K4me1,-1700,0.060122374639047065
H3K4me1,-1690,0.06125094262398107
H3K4me1,-1680,0.06146296045197874
H3K4me1,-1670,0.06121538518518651
H3K4me1,-1660,0.060815055618331344
H3K4me1,-1650,0.060506902197113646
H3K4me1,-1640,0.060244844318896255
H3K4me1,-1630,0.061597282485876856
H3K4me1,-1620,0.062301817702449386
H3K4me1,-1610,0.06265869026993237
H3K4me1,-1600,0.06297738016321525
H3K4me1,-1590,0.06398215907093663
H3K4me1,-1580,0.06438644344005146
H3K4me1,-1570,0.06442068637790475
H3K4me1,-1560,0.0645734440677979
H3K4me1,-1550,0.06508702498430766
H3K4me1,-1540,0.06471303176396871
H3K4me1,-1530,0.0643390374136863
H3K4me1,-1520,0.0644009306967998
H3K4me1,-1510,0.06435220765850722
H3K4me1,-1500,0.06493031864406913
H3K4me1,-1490,0.06509229541745258
H3K4me1,-1480,0.06547682699309602
H3K4me1,-1470,0.06656457376020208
H3K4me1,-1460,0.06672391625863269
H3K4me1,-1450,0.06628670985561964
H3K4me1,-1440,0.06637362322661768
H3K4me1,-1430,0.06644868625235523
H3K4me1,-1420,0.066340699686128
H3K4me1,-1410,0.06712556421845707
H3K4me1,-1400,0.06750087470182155
H3K4me1,-1390,0.06783536446955551
H3K4me1,-1380,0.06778927319523027
H3K4me1,-1370,0.06913512856246197
H3K4me1,-1360,0.06982781242937963
H3K4me1,-1350,0.06977118644067914
H3K4me1,-1340,0.06972377664783529
H3K4me1,-1330,0.06858335919648573
H3K4me1,-1320,0.06795520389202876
H3K4me1,-1310,0.06818038970496036
H3K4me1,-1300,0.06802631851851966
H3K4me1,-1290,0.06834500225988813
H3K4me1,-1280,0.06821067884494773
H3K4me1,-1270,0.06865183678593967
H3K4me1,-1260,0.06893101644695636
H3K4me1,-1250,0.07017152178280084
H3K4me1,-1240,0.07144231211550639
H3K4me1,-1230,0.07241285511613381
H3K4me1,-1220,0.07235359422473416
H3K4me1,-1210,0.0726801845574397
H3K4me1,-1200,0.07221927545511712
H3K4me1,-1190,0.07248791902071643
H3K4me1,-1180,0.0726024882611433
H3K4me1,-1170,0.07329385285624695
H3K4me1,-1160,0.07339656924042766
H3K4me1,-1150,0.07291327457627211
H3K4me1,-1140,0.07328859058380494
H3K4me1,-1130,0.07343344482109312
H3K4me1,-1120,0.07422093785310808
H3K4me1,-1110,0.07413007432517332
H3K4me1,-1100,0.07498472931575707
H3K4me1,-1090,0.07517041556811116
H3K4me1,-1080,0.0750584804770879
H3K4me1,-1070,0.07621470420590143
H3K4me1,-1060,0.07702195392341575
H3K4me1,-1050,0.07805570747018266
H3K4me1,-1040,0.07828484532329008
H3K4me1,-1030,0.07840995028248651
H3K4me1,-1020,0.07845735706214728
H3K4me1,-1010,0.0780899482736979
H3K4me1,-1000,0.0782927466415574
H3K4me1,-990,0.0780978504708104
H3K4me1,-980,0.0780438580037671
H3K4me1,-970,0.07878262824858824
H3K4me1,-960,0.07842443804143179
H3K4me1,-950,0.07905391136221039
H3K4me1,-940,0.07988354639045873
H3K4me1,-930,0.08075137740113046
H3K4me1,-920,0.08153755040803576
H3K4me1,-910,0.08285311952291315
H3K4me1,-900,0.08329164080351556
H3K4me1,-890,0.0825146770872571
H3K4me1,-880,0.08222101443816734
H3K4me1,-870,0.08217229089767755
H3K4me1,-860,0.08248965900816085
H3K4me1,-850,0.08311386151914653
H3K4me1,-840,0.08427271952291297
H3K4me1,-830,0.08519321996233553
H3K4me1,-820,0.08516688549905836
H3K4me1,-810,0.08553561079723823
H3K4me1,-800,0.085812157815443
H3K4me1,-790,0.08635076007532959
H3K4me1,-780,0.0863349596986818
H3K4me1,-770,0.08716064720652857
H3K4me1,-760,0.08692492554927797
H3K4me1,-750,0.0874911827997488
H3K4me1,-740,0.08762945561833041
H3K4me1,-730,0.08786649943502813
H3K4me1,-720,0.08825103038292507
H3K4me1,-710,0.08815226126804764
H3K4me1,-700,0.08852494237288128
H3K4me1,-690,0.08869481971123626
H3K4me1,-680,0.08965482862523508
H3K4me1,-670,0.09067673333333282
H3K4me1,-660,0.09179081657250428
H3K4me1,-650,0.09255724155681086
H3K4me1,-640,0.09333025549278039
H3K4me1,-630,0.0944877983678587
H3K4me1,-620,0.09584023452605077
H3K4me1,-610,0.09643151412429306
H3K4me1,-600,0.09626558518518459
H3K4me1,-590,0.09666460213433746
H3K4me1,-580,0.09665011902071495
H3K4me1,-570,0.09771547897049515
H3K4me1,-560,0.09803679585687307
H3K4me1,-550,0.09897046779660985
H3K4me1,-540,0.09996603327055825
H3K4me1,-530,0.09981591060891319
H3K4me1,-520,0.10107221556810973
H3K4me1,-510,0.10191107344632715
H3K4me1,-500,0.10274465888261089
H3K4me1,-490,0.10364277288135482
H3K4me1,-480,0.10553776873822913
H3K4me1,-470,0.10648461042058885
H3K4me1,-460,0.10738404431889424
H3K4me1,-450,0.10791343050847373
H3K4me1,-440,0.10736034325172578
H3K4me1,-430,0.10805038694287412
H3K4me1,-420,0.10834800213433668
H3K4me1,-410,0.10961484645323176
H3K4me1,-400,0.11080004218455641
H3K4me1,-390,0.11102786390458155
H3K4me1,-380,0.1113149468926542
H3K4me1,-370,0.11266475304456906
H3K4me1,-360,0.11389735417451247
H3K4me1,-350,0.11538280138104091
H3K4me1,-340,0.11691433370997997
H3K4me1,-330,0.1182140989328294
H3K4me1,-320,0.11992210018832239
H3K4me1,-310,0.1208755236660374
H3K4me1,-300,0.12207389190207035
H3K4me1,-290,0.12249792504707976
H3K4me1,-280,0.12333546114249698
H3K4me1,-270,0.12486962812303694
H3K4me1,-260,0.12650256836158064
H3K4me1,-250,0.12785106064029947
H3K4me1,-240,0.12951560163213893
H3K4me1,-230,0.13055726026365141
H3K4me1,-220,0.13158706114249719
H3K4me1,-210,0.13247595781544136
H3K4me1,-200,0.13549557325800263
H3K4me1,-190,0.13731550269930853
H3K4me1,-180,0.1375709784055233
H3K4me1,-170,0.1380187210295032
H3K4me1,-160,0.13847962925298085
H3K4me1,-150,0.1393250739485248
H3K4me1,-140,0.1409408873822972
H3K4me1,-130,0.14300707570621465
H3K4me1,-120,0.14389333822975484
H3K4me1,-110,0.14427128311362203
H3K4me1,-100,0.1456882513496544
H3K4me1,-90,0.14700250408035165
H3K4me1,-80,0.14858539723791647
H3K4me1,-70,0.15093208863779106
H3K4me1,-60,0.151133573509103
H3K4me1,-50,0.15165110521029587
H3K4me1,-40,0.1524715246704336
H3K4me1,-30,0.15205274839924707
H3K4me1,-20,0.15260188989328358
H3K4me1,-10,0.15393721054614
H3K4me1,0,0.15523829353421215
H3K4me1,10,0.15545952705587018
H3K4me1,20,0.15524356371625944
H3K4me1,30,0.15530413797865802
H3K4me1,40,0.15587698342749587
H3K4me1,50,0.15541475655995082
H3K4me1,60,0.15647748160703148
H3K4me1,70,0.15584010834902726
H3K4me1,80,0.1539543334588832
H3K4me1,90,0.1530417330822357
H3K4me1,100,0.15302724632768497
H3K4me1,110,0.15135743402385501
H3K4me1,120,0.15116780703076033
H3K4me1,130,0.1510374318895167
H3K4me1,140,0.14932680338983095
H3K4me1,150,0.14766357940991853
H3K4me1,160,0.1476820165725053
H3K4me1,170,0.14712365800376664
H3K4me1,180,0.14618076949152553
H3K4me1,190,0.14546043339610784
H3K4me1,200,0.14376033571876928
H3K4me1,210,0.14368922435655956
H3K4me1,220,0.14326914161958487
H3K4me1,230,0.14154797463904564
H3K4me1,240,0.14078022937853066
H3K4me1,250,0.13925527633396062
H3K4me1,260,0.13747221355932124
H3K4me1,270,0.1361645502824856
H3K4me1,280,0.13543367796610103
H3K4me1,290,0.13292370357815336
H3K4me1,300,0.13239036446955307
H3K4me1,310,0.1308904316384168
H3K4me1,320,0.12973684331449967
H3K4me1,330,0.12876892843691018
H3K4me1,340,0.12801830458254687
H3K4me1,350,0.12657236497174976
H3K4me1,360,0.1248103738857488
H3K4me1,370,0.12228986076584952
H3K4me1,380,0.12035272165724906
H3K4me1,390,0.11807188248587461
H3K4me1,400,0.1179836493408654
H3K4me1,410,0.11776767984934013
H3K4me1,420,0.11745689177652086
H3K4me1,430,0.11722907407407279
H3K4me1,440,0.11656009353421065
H3K4me1,450,0.11507596647834152
H3K4me1,460,0.11386574726930178
H3K4me1,470,0.11245404996861146
H3K4me1,480,0.1107315642184549
H3K4me1,490,0.1090314701820461
H3K4me1,500,0.10844150244820992
H3K4me1,510,0.1079687441305704
H3K4me1,520,0.10907229190207034
H3K4me1,530,0.10868775819208987
H3K4me1,540,0.10805697011927118
H3K4me1,550,0.10645563779033192
H3K4me1,560,0.10506632467043243
H3K4me1,570,0.1036967682360322
H3K4me1,580,0.10187419811675986
H3K4me1,590,0.10119600401757622
H3K4me1,600,0.10059945612052679
H3K4me1,610,0.0992022433145004
H3K4me1,620,0.09829622586315116
H3K4me1,630,0.09934973157564267
H3K4me1,640,0.09858330860012536
H3K4me1,650,0.09725325411173835
H3K4me1,660,0.09687267156308814
H3K4me1,670,0.09651184293785268
H3K4me1,680,0.09576649202762057
H3K4me1,690,0.09515940527306957
H3K4me1,700,0.0948723271814185
H3K4me1,710,0.0940242526051472
H3K4me1,720,0.0934909137476457
H3K4me1,730,0.09368054136848686
H3K4me1,740,0.09337370985561777
H3K4me1,750,0.09237419334588796
H3K4me1,760,0.09193698656622695
H3K4me1,770,0.09117977765222822
H3K4me1,780,0.09123903364720638
H3K4me1,790,0.090081497551789
H3K4me1,800,0.08933482397991185
H3K4me1,810,0.0890385236660387
H3K4me1,820,0.08811144180790928
H3K4me1,830,0.08730813923414912
H3K4me1,840,0.0869710187068425
H3K4me1,850,0.0874714328939107
H3K4me1,860,0.08790732040175772
H3K4me1,870,0.08719357062146887
H3K4me1,880,0.08642714262397994
H3K4me1,890,0.08611372479598244
H3K4me1,900,0.08526697087256743
H3K4me1,910,0.08487717137476457
H3K4me1,920,0.08453214890144413
H3K4me1,930,0.08430037325800412
H3K4me1,940,0.08516293634651616
H3K4me1,950,0.08545133132454502
H3K4me1,960,0.085169517388575
H3K4me1,970,0.0858608824858759
H3K4me1,980,0.08497725549278096
H3K4me1,990,0.08354843214061518
H3K4me1,1000,0.08313624682988109
H3K4me1,1010,0.08242249817953587
H3K4me1,1020,0.08225656836158227
H3K4me1,1030,0.08257393333333375
H3K4me1,1040,0.08259763866917805
H3K4me1,1050,0.08228948926553716
H3K4me1,1060,0.08152701431261825
H3K4me1,1070,0.08063680025109908
H3K4me1,1080,0.07904732441933525
H3K4me1,1090,0.07740253182674241
H3K4me1,1100,0.07739858028876392
H3K4me1,1110,0.07708384758317689
H3K4me1,1120,0.07709174915254303
H3K4me1,1130,0.07676384180791022
H3K4me1,1140,0.07701009830508554
H3K4me1,1150,0.0769903450094167
H3K4me1,1160,0.07751314877589521
H3K4me1,1170,0.07658211575643525
H3K4me1,1180,0.07612252253609628
H3K4me1,1190,0.0754430100439429
H3K4me1,1200,0.074426374890145
H3K4me1,1210,0.07447641632140692
H3K4me1,1220,0.0761080331450102
H3K4me1,1230,0.07547461280602709
H3K4me1,1240,0.07568400012555027
H3K4me1,1250,0.0758051515379795
H3K4me1,1260,0.07492152341494114
H3K4me1,1270,0.07418669968612757
H3K4me1,1280,0.07333994400502293
H3K4me1,1290,0.07243787671060967
H3K4me1,1300,0.07235228173258072
H3K4me1,1310,0.07301994212178356
H3K4me1,1320,0.07288825323289491
H3K4me1,1330,0.07252479234149489
H3K4me1,1340,0.07328594940364168
H3K4me1,1350,0.07244840979284459
H3K4me1,1360,0.07098008562460885
H3K4me1,1370,0.07002534651600867
H3K4me1,1380,0.06767207369742732
H3K4me1,1390,0.06717824670433283
H3K4me1,1400,0.06808689491525564
H3K4me1,1410,0.06805265712492285
H3K4me1,1420,0.0684464021343391
H3K4me1,1430,0.06831998455744
H3K4me1,1440,0.06730993019460259
H3K4me1,1450,0.06648161054614063
H3K4me1,1460,0.06634597049592081
H3K4me1,1470,0.06630514852479716
H3K4me1,1480,0.06613922059008288
H3K4me1,1490,0.06660276497175253
H3K4me1,1500,0.06683980301318392
H3K4me1,1510,0.06665806917765342
H3K4me1,1520,0.06749297501569489
H3K4me1,1530,0.06755618819836924
H3K4me1,1540,0.06621296911487902
H3K4me1,1550,0.06605889190207272
H3K4me1,1560,0.06613263540489778
H3K4me1,1570,0.06554135492781056
H3K4me1,1580,0.06618004344005159
H3K4me1,1590,0.06598777539234292
H3K4me1,1600,0.06534118543628503
H3K4me1,1610,0.06434957275580808
H3K4me1,1620,0.06374249152542509
H3K4me1,1630,0.06370430257376147
H3K4me1,1640,0.06353574161958712
H3K4me1,1650,0.06357919673572004
H3K4me1,1660,0.063114335342123
H3K4me1,1670,0.0626310401757702
H3K4me1,1680,0.06225177765222979
H3K4me1,1690,0.06252832190835035
H3K4me1,1700,0.06273902372881494
H3K4me1,1710,0.06220832140615314
H3K4me1,1720,0.061682882109229155
H3K4me1,1730,0.061273334463278185
H3K4me1,1740,0.06112057564344136
H3K4me1,1750,0.061333909227873296
H3K4me1,1760,0.061972597991212956
H3K4me1,1770,0.06162757476459641
H3K4me1,1780,0.06147744846202266
H3K4me1,1790,0.06119036672944255
H3K4me1,1800,0.060210606403014344
H3K4me1,1810,0.060417357438795866
H3K4me1,1820,0.060600404770873875
H3K4me1,1830,0.06086773283113755
H3K4me1,1840,0.061776380288764615
H3K4me1,1850,0.06175794664155799
H3K4me1,1860,0.0615630459510369
H3K4me1,1870,0.06137209554300181
H3K4me1,1880,0.06002755844319002
H3K4me1,1890,0.05814704695543115
H3K4me1,1900,0.058397254237289184
H3K4me1,1910,0.05732926290018931
H3K4me1,1920,0.05758473810420705
H3K4me1,1930,0.058594788575016786
H3K4me1,1940,0.058567130194602524
H3K4me1,1950,0.05854474149403748
H3K4me1,1960,0.05797980012555034
H3K4me1,1970,0.0579982372881367
H3K4me1,1980,0.057626877212807175
H3K4me1,1990,0.0582840020087896
H3K4me1,2000,0.05777831625863251
H3K4me1,2010,0.05761633785310843
H3K4me1,2020,0.05747543465160174
H3K4me1,2030,0.05749650646578884
H3K4me1,2040,0.05732004431889624
H3K4me1,2050,0.05706720025109969
H3K4me1,2060,0.05701057463904696
H3K4me1,2070,0.056578636911488775
H3K4me1,2080,0.0562560002510996
H3K4me1,2090,0.055701592843692145
H3K4me1,2100,0.055993938731953394
H3K4me1,2110,0.05536446955430117
H3K4me1,2120,0.05499311086001363
H3K4me1,2130,0.05466783753923509
H3K4me1,2140,0.054571705838042536
H3K4me1,2150,0.05484429993722635
H3K4me1,2160,0.055052369365977204
H3K4me1,2170,0.054779773634652675
H3K4me1,2180,0.05474289981167712
H3K4me1,2190,0.054968088888889946
H3K4me1,2200,0.05472314714375488
H3K4me1,2210,0.0549707220338994
H3K4me1,2220,0.054649402008789635
H3K4me1,2230,0.05424906942875188
H3K4me1,2240,0.054067338229756325
H3K4me1,2250,0.05416347219083597
H3K4me1,2260,0.05373285147520505
H3K4me1,2270,0.053327248587571575
H3K4me1,2280,0.05320477953546863
H3K4me1,2290,0.05328115844318997
H3K4me1,2300,0.05349186264909088
H3K4me1,2310,0.053897461142499395
H3K4me1,2320,0.05340231236660489
H3K4me1,2330,0.05233827068424454
H3K4me1,2340,0.0511991650973017
H3K4me1,2350,0.05064475881983777
H3K4me1,2360,0.04995471035781642
H3K4me1,2370,0.050499899686127656
H3K4me1,2380,0.05157579585687475
H3K4me1,2390,0.05159818028876436
H3K4me1,2400,0.05149677802887741
H3K4me1,2410,0.05125842259887097
H3K4me1,2420,0.05086862623980019
H3K4me1,2430,0.05026812843691246
H3K4me1,2440,0.049952074576272154
H3K4me1,2450,0.05011009993722634
H3K4me1,2460,0.04989149780288849
H3K4me1,2470,0.0498269691148785
H3K4me1,2480,0.04967552868801095
H3K4me1,2490,0.05052096823603351
H3K4me1,2500,0.05050648361582022
H3K4me1,2510,0.050427470433145986
H3K4me1,2520,0.05117809315756526
H3K4me1,2530,0.050726403640930035
H3K4me1,2540,0.050495949403641806
H3K4me1,2550,0.05083570583804232
H3K4me1,2560,0.04972820502197198
H3K4me1,2570,0.04958334676710695
H3K4me1,2580,0.04920934978028966
H3K4me1,2590,0.04838234890144471
H3K4me1,2600,0.04833889215317098
H3K4me1,2610,0.048669428248588394
H3K4me1,2620,0.048781363967357994
H3K4me1,2630,0.04934498907721363
H3K4me1,2640,0.04939766352793555
H3K4me1,2650,0.049172479221595344
H3K4me1,2660,0.04843502184557531
H3K4me1,2670,0.04846136045197824
H3K4me1,2680,0.04804917715003225
H3K4me1,2690,0.047870080602637366
H3K4me1,2700,0.04746974676710697
H3K4me1,2710,0.04745131299435114
H3K4me1,2720,0.04714711299435104
H3K4me1,2730,0.04724060903954883
H3K4me1,2740,0.047552710106717674
H3K4me1,2750,0.04737756384180876
H3K4me1,2760,0.04723139083490359
H3K4me1,2770,0.04731303716258708
H3K4me1,2780,0.04731698794727006
H3K4me1,2790,0.046761264030132726
H3K4me1,2800,0.0463635652228508
H3K4me1,2810,0.04611993848085456
H3K4me1,2820,0.0457235581920912
H3K4me1,2830,0.04537326691776593
H3K4me1,2840,0.04588948813559405
H3K4me1,2850,0.04602380929064743
H3K4me1,2860,0.0460554158192099
H3K4me1,2870,0.04625953258003848
H3K4me1,2880,0.045499689391086784
H3K4me1,2890,0.04501770822347851
H3K4me1,2900,0.04472272517263103
H3K4me1,2910,0.04450412366603974
H3K4me1,2920,0.045187585938481656
H3K4me1,2930,0.0464465278091659
H3K4me1,2940,0.04621870521029584
H3K4me1,2950,0.04648471801632216
H3K4me1,2960,0.04597508349027072
H3K4me1,2970,0.04547861732580123
H3K4me1,2980,0.04455680138104285
H3K4me1,2990,0.04517178355304535
H3K4me1,3000,0.04548652102950486
H3K4me1,3010,0.04596059774011382
H3K4me1,3020,0.04593162536095494
H3K4me1,3030,0.04570248876334045
H3K4me1,3040,0.04547334927809251
H3K4me3,-2950,0.0361642224733205
H3K4me3,-2940,0.036114873195228825
H3K4me3,-2930,0.03614502385436255
H3K4me3,-2920,0.03623000866289992
H3K4me3,-2910,0.035883225235404666
H3K4me3,-2900,0.03601480677966075
H3K4me3,-2890,0.036288952793471205
H3K4me3,-2880,0.03599150973006874
H3K4me3,-2870,0.03666588725674795
H3K4me3,-2860,0.036763205273069414
H3K4me3,-2850,0.037040080853734884
H3K4me3,-2840,0.03774872806026336
H3K4me3,-2830,0.038035200376647545
H3K4me3,-2820,0.03819968688010008
H3K4me3,-2810,0.03824355141242903
H3K4me3,-2800,0.03805987821719992
H3K4me3,-2790,0.03756094927809135
H3K4me3,-2780,0.03804205976145607
H3K4me3,-2770,0.03782000615191433
H3K4me3,-2760,0.03799819799121128
H3K4me3,-2750,0.03813252517262999
H3K4me3,-2740,0.03792143766478317
H3K4me3,-2730,0.03814760238543595
H3K4me3,-2720,0.038132528562460466
H3K4me3,-2710,0.03819968838669148
H3K4me3,-2700,0.03799682611424955
H3K4me3,-2690,0.03836554149403612
H3K4me3,-2680,0.03841214852479574
H3K4me3,-2670,0.03888503214061493
H3K4me3,-2660,0.03898097777777754
H3K4me3,-2650,0.03946071914626465
H3K4me3,-2640,0.03951966202134317
H3K4me3,-2630,0.0393661446327681
H3K4me3,-2620,0.03944427181418681
H3K4me3,-2610,0.03924826202134307
H3K4me3,-2600,0.03964027721280579
H3K4me3,-2590,0.039815731701192444
H3K4me3,-2580,0.040265316886377626
H3K4me3,-2570,0.04041883126176994
H3K4me3,-2560,0.0406970803515376
H3K4me3,-2550,0.04066829880728159
H3K4me3,-2540,0.04068474224733178
H3K4me3,-2530,0.04111514074074051
H3K4me3,-2520,0.041644229127432174
H3K4me3,-2510,0.0423117550533581
H3K4me3,-2500,0.0425735495291899
H3K4me3,-2490,0.04219387256748229
H3K4me3,-2480,0.04224733245448812
H3K4me3,-2470,0.042060916886377676
H3K4me3,-2460,0.04209655430006254
H3K4me3,-2450,0.04309441607030726
H3K4me3,-2440,0.04342337928436874
H3K4me3,-2430,0.04343023540489604
H3K4me3,-2420,0.043598829629629327
H3K4me3,-2410,0.04341790119271787
H3K4me3,-2400,0.04356730395480198
H3K4me3,-2390,0.04352481594475798
H3K4me3,-2380,0.044038821092278364
H3K4me3,-2370,0.04381676723163815
H3K4me3,-2360,0.04456516095417413
H3K4me3,-2350,0.04511892002510954
H3K4me3,-2340,0.045831673320777984
H3K4me3,-2330,0.04632375706214652
H3K4me3,-2320,0.046412849466415246
H3K4me3,-2310,0.046725365976145294
H3K4me3,-2300,0.046854208662899785
H3K4me3,-2290,0.04752859271814153
H3K4me3,-2280,0.048398981042058614
H3K4me3,-2270,0.048985630257375665
H3K4me3,-2260,0.04920357589453826
H3K4me3,-2250,0.04963260213433729
H3K4me3,-2240,0.04978611989956019
H3K4me3,-2230,0.04932967696170707
H3K4me3,-2220,0.049277591462648776
H3K4me3,-2210,0.04964630558694246
H3K4me3,-2200,0.050468719020715314
H3K4me3,-2190,0.05156938305084711
H3K4me3,-2180,0.05226843138731911
H3K4me3,-2170,0.05235204883866872
H3K4me3,-2160,0.05288935505335804
H3K4me3,-2150,0.05308947897049556
H3K4me3,-2140,0.052881134337727204
H3K4me3,-2130,0.05283178568738193
H3K4me3,-2120,0.05299900853735057
H3K4me3,-2110,0.053020940740740416
H3K4me3,-2100,0.05358018279974855
H3K4me3,-2090,0.054513629127432094
H3K4me3,-2080,0.05472060037664747
H3K4me3,-2070,0.05502763465160047
H3K4me3,-2060,0.05490290232266127
H3K4me3,-2050,0.05542102247332047
H3K4me3,-2040,0.055540271186440275
H3K4me3,-2030,0.05618860652856207
H3K4me3,-2020,0.05694659460138063
H3K4me3,-2010,0.057160425737601606
H3K4me3,-2000,0.057455129064657384
H3K4me3,-1990,0.05755244231010624
H3K4me3,-1980,0.05788689077212767
H3K4me3,-1970,0.058562634902698855
H3K4me3,-1960,0.059253468298806816
H3K4me3,-1950,0.060607704582548126
H3K4me3,-1940,0.061239583929692
H3K4me3,-1930,0.061615158192089875
H3K4me3,-1920,0.06314346892655325
H3K4me3,-1910,0.06350807620841141
H3K4me3,-1900,0.06385349278091605
H3K4me3,-1890,0.06413996798493367
H3K4me3,-1880,0.06477185687382261
H3K4me3,-1870,0.06455665624607625
H3K4me3,-1860,0.06497334450721866
H3K4me3,-1850,0.06538318166980503
H3K4me3,-1840,0.06583002636534802
H3K4me3,-1830,0.06570940627746347
H3K4me3,-1820,0.06631936434400483
H3K4me3,-1810,0.06732682900188293
H3K4me3,-1800,0.06806836384180764
H3K4me3,-1790,0.06927319887005644
H3K4me3,-1780,0.06901687721280589
H3K4me3,-1770,0.06880716823603247
H3K4me3,-1760,0.06918410546139338
H3K4me3,-1750,0.06923892831136194
H3K4me3,-1740,0.07000514664155667
H3K4me3,-1730,0.07152524017576892
H3K4me3,-1720,0.0722352551161331
H3K4me3,-1710,0.07249842849968605
H3K4me3,-1700,0.07308782573760202
H3K4me3,-1690,0.0733181030759573
H3K4me3,-1680,0.07328795216572491
H3K4me3,-1670,0.07327698192090401
H3K4me3,-1660,0.074162433396108
H3K4me3,-1650,0.07489027746390459
H3K4me3,-1640,0.07611704394224757
H3K4me3,-1630,0.07713820301318275
H3K4me3,-1620,0.07821008575015725
H3K4me3,-1610,0.07838416007532976
H3K4me3,-1600,0.07850615643440079
H3K4me3,-1590,0.07851301029504115
H3K4me3,-1580,0.07857743075957341
H3K4me3,-1570,0.08004543452605169
H3K4me3,-1560,0.08114473358443215
H3K4me3,-1550,0.0819013489014441
H3K4me3,-1540,0.08374766239799158
H3K4me3,-1530,0.08508134475831836
H3K4me3,-1520,0.08546376258631569
H3K4me3,-1510,0.08583248110483435
H3K4me3,-1500,0.08690025373509173
H3K4me3,-1490,0.08653290847457688
H3K4me3,-1480,0.08674536723163917
H3K4me3,-1470,0.08805025486503518
H3K4me3,-1460,0.08845735317012
H3K4me3,-1450,0.08941683917137537
H3K4me3,-1440,0.09038180050219788
H3K4me3,-1430,0.09124533032015142
H3K4me3,-1420,0.09265029868173323
H3K4me3,-1410,0.0944034045197747
H3K4me3,-1400,0.09496264243565693
H3K4me3,-1390,0.09552461707470276
H3K4me3,-1380,0.09571102837413771
H3K4me3,-1370,0.09530941895794189
H3K4me3,-1360,0.09480775530445809
H3K4me3,-1350,0.09540400351538048
H3K4me3,-1340,0.095752155304458
H3K4me3,-1330,0.09638404331450169
H3K4me3,-1320,0.09742851362209741
H3K4me3,-1310,0.098175543126178
H3K4me3,-1300,0.09830986189579476
H3K4me3,-1290,0.09905551902071653
H3K4me3,-1280,0.10023842573760303
H3K4me3,-1270,0.10097036861268141
H3K4me3,-1260,0.10149807746390564
H3K4me3,-1250,0.10163241418706952
H3K4me3,-1240,0.10223413848085476
H3K4me3,-1230,0.10293182322661718
H3K4me3,-1220,0.10375012667922244
H3K4me3,-1210,0.10535931537978759
H3K4me3,-1200,0.10675192780916631
H3K4me3,-1190,0.1082267892027634
H3K4me3,-1180,0.1090903186440689
H3K4me3,-1170,0.11005665687382414
H3K4me3,-1160,0.11022936559949911
H3K4me3,-1150,0.1100566596359083
H3K4me3,-1140,0.11026089566855117
H3K4me3,-1130,0.11137663992467182
H3K4me3,-1120,0.1123279006905223
H3K4me3,-1110,0.11420437263025884
H3K4me3,-1100,0.11461969114877729
H3K4me3,-1090,0.11565866516007657
H3K4me3,-1080,0.11604794362837542
H3K4me3,-1070,0.11560795568110625
H3K4me3,-1060,0.11638924557438955
H3K4me3,-1050,0.1173226867545527
H3K4me3,-1040,0.11917174500941757
H3K4me3,-1030,0.12043689466415715
H3K4me3,-1020,0.12296854764595266
H3K4me3,-1010,0.12537273421217973
H3K4me3,-1000,0.12597173797865846
H3K4me3,-990,0.12624039322034059
H3K4me3,-980,0.12663651550533764
H3K4me3,-970,0.1272053471437556
H3K4me3,-960,0.1272807349654757
H3K4me3,-950,0.12868295254237494
H3K4me3,-940,0.13135030445700166
H3K4me3,-930,0.1315230160703096
H3K4me3,-920,0.13290604118016522
H3K4me3,-910,0.13287588110483603
H3K4me3,-900,0.1327881561833038
H3K4me3,-890,0.13259900640301525
H3K4me3,-880,0.13368596723164086
H3K4me3,-870,0.13510873860640518
H3K4me3,-860,0.13636976886378127
H3K4me3,-850,0.13684677225361208
H3K4me3,-840,0.13857109416196134
H3K4me3,-830,0.13989381418707122
H3K4me3,-820,0.14145229667294715
H3K4me3,-810,0.14273114036409562
H3K4me3,-800,0.14363167984934427
H3K4me3,-790,0.14315330696798784
H3K4me3,-780,0.1421266583804172
H3K4me3,-770,0.1424679658505997
H3K4me3,-760,0.14193340087884804
H3K4me3,-750,0.1429929423728842
H3K4me3,-740,0.1452806202134367
H3K4me3,-730,0.14746823992467356
H3K4me3,-720,0.1492556118016356
H3K4me3,-710,0.15048923490270305
H3K4me3,-700,0.150560506089144
H3K4me3,-690,0.1511594993094827
H3K4me3,-680,0.15058106905210655
H3K4me3,-670,0.1512924495919685
H3K4me3,-660,0.15153643892027996
H3K4me3,-650,0.15265902787194374
H3K4me3,-640,0.15324431839297295
H3K4me3,-630,0.15391458292530236
H3K4me3,-620,0.15485624946641985
H3K4me3,-610,0.15512627457627529
H3K4me3,-600,0.15610494312618103
H3K4me3,-590,0.15730018543628807
H3K4me3,-580,0.1588285029504123
H3K4me3,-570,0.1596303535467716
H3K4me3,-560,0.1607323830508521
H3K4me3,-550,0.1611860821092324
H3K4me3,-540,0.16140402134338142
H3K4me3,-530,0.16096814902699763
H3K4me3,-520,0.16198519522913205
H3K4me3,-510,0.16264037526679692
H3K4me3,-500,0.16471834927809648
H3K4me3,-490,0.16674285586943366
H3K4me3,-480,0.16791752718142325
H3K4me3,-470,0.16897159698682213
H3K4me3,-460,0.16872624030132377
H3K4me3,-450,0.16905521569366477
H3K4me3,-440,0.16915115191463173
H3K4me3,-430,0.16950889466416094
H3K4me3,-420,0.16980360213434262
H3K4me3,-410,0.17071921983679192
H3K4me3,-400,0.17190623251726878
H3K4me3,-390,0.17218312140615755
H3K4me3,-380,0.17353735555556113
H3K4me3,-370,0.17491078154426185
H3K4me3,-360,0.1746380130571306
H3K4me3,-350,0.17656383753924032
H3K4me3,-340,0.17747122649090372
H3K4me3,-330,0.1786171152542439
H3K4me3,-320,0.18031128725675463
H3K4me3,-310,0.1808472263653547
H3K4me3,-300,0.18013995907094185
H3K4me3,-290,0.1804552104205964
H3K4me3,-280,0.18193006741996903
H3K4me3,-270,0.18325279033271286
H3K4me3,-260,0.18386684808538054
H3K4me3,-250,0.18621484419335307
H3K4me3,-240,0.1886094477087325
H3K4me3,-230,0.1888726135593294
H3K4me3,-220,0.19119729215317752
H3K4me3,-210,0.1913014681732653
H3K4me3,-200,0.192832522410554
H3K4me3,-190,0.19318204557439578
H3K4me3,-180,0.19420732680477837
H3K4me3,-170,0.19579869215317813
H3K4me3,-160,0.19726531989956853
H3K4me3,-150,0.19866343691149602
H3K4me3,-140,0.200020416070316
H3K4me3,-130,0.20056183038293324
H3K4me3,-120,0.20008757501570168
H3K4me3,-110,0.19963113647207306
H3K4me3,-100,0.19991761895794874
H3K4me3,-90,0.20010266114250624
H3K4me3,-80,0.20122936710609704
H3K4me3,-70,0.2029166782172087
H3K4me3,-60,0.204265433521665
H3K4me3,-50,0.20492062686755383
H3K4me3,-40,0.20529893797866564
H3K4me3,-30,0.20651885009417018
H3K4me3,-20,0.2068450744507305
H3K4me3,-10,0.20758661694916128
H3K4me3,0,0.2082445495291995
H3K4me3,10,0.2075729138732044
H3K4me3,20,0.20671074852480523
H3K4me3,30,0.20679710420590947
H3K4me3,40,0.2078264870056587
H3K4me3,50,0.2069643216572591
H3K4me3,60,0.2072439497802973
H3K4me3,70,0.20601306340239434
H3K4me3,80,0.20469308926554572
H3K4me3,90,0.20309623615820047
H3K4me3,100,0.20260553333334136
H3K4me3,110,0.20353760364093682
H3K4me3,120,0.20279331198996448
H3K4me3,130,0.20206547758946225
H3K4me3,140,0.20117042222223014
H3K4me3,150,0.19910890885123214
H3K4me3,160,0.19819739774012135
H3K4me3,170,0.1980918492153252
H3K4me3,180,0.19758744431890343
H3K4me3,190,0.19858119322034706
H3K4me3,200,0.19818232291275134
H3K4me3,210,0.19924460652857034
H3K4me3,220,0.19933506691777306
H3K4me3,230,0.19899788688010803
H3K4me3,240,0.19737088323917867
H3K4me3,250,0.19623046817326573
H3K4me3,260,0.1944471968612756
H3K4me3,270,0.19208549491526175
H3K4me3,280,0.19153173885750896
H3K4me3,290,0.19002261607031443
H3K4me3,300,0.18772533082235493
H3K4me3,310,0.18529647871940425
H3K4me3,320,0.18312394249843747
H3K4me3,330,0.18103912178280684
H3K4me3,340,0.17883505461394256
H3K4me3,350,0.17689553873195818
H3K4me3,360,0.17661866114250402
H3K4me3,370,0.17655697740113568
H3K4me3,380,0.17617043188952242
H3K4me3,390,0.1770421981167667
H3K4me3,400,0.17730537514124906
H3K4me3,410,0.17673105473949155
H3K4me3,420,0.17654464256121102
H3K4me3,430,0.17541793848085915
H3K4me3,440,0.17323443389831064
H3K4me3,450,0.17329747997489603
H3K4me3,460,0.17210086716886955
H3K4me3,470,0.1710289787821777
H3K4me3,480,0.17100841870684774
H3K4me3,490,0.16960895291902567
H3K4me3,500,0.16770918116761319
H3K4me3,510,0.1658094042686803
H3K4me3,520,0.1647430131826789
H3K4me3,530,0.16381780753296152
H3K4me3,540,0.16391787080979744
H3K4me3,550,0.16349842937853556
H3K4me3,560,0.16310778757062577
H3K4me3,570,0.163192769868177
H3K4me3,580,0.16256635881984086
H3K4me3,590,0.16021289642184974
H3K4me3,600,0.1594576420590126
H3K4me3,610,0.15719737325800748
H3K4me3,620,0.1557238819836827
H3K4me3,630,0.15514957689893694
H3K4me3,640,0.15443543967357581
H3K4me3,650,0.15421475957313657
H3K4me3,660,0.1548000387947313
H3K4me3,670,0.1543737664783472
H3K4me3,680,0.15356368826114636
H3K4me3,690,0.15279608725675156
H3K4me3,700,0.1521861347143786
H3K4me3,710,0.1511005509102357
H3K4me3,720,0.1506180789704995
H3K4me3,730,0.15091551337100156
H3K4me3,740,0.15059750784683323
H3K4me3,750,0.14951876924043014
H3K4me3,760,0.14839481192718484
H3K4me3,770,0.14621268625235714
H3K4me3,780,0.14525045988700894
H3K4me3,790,0.14459115982423432
H3K4me3,800,0.1448008765850626
H3K4me3,810,0.1448474837413714
H3K4me3,820,0.14465695492781216
H3K4me3,830,0.14308066541117684
H3K4me3,840,0.14172916346516293
H3K4me3,850,0.13950316484620467
H3K4me3,860,0.1386053596986845
H3K4me3,870,0.13818319171375035
H3K4me3,880,0.13905358041431512
H3K4me3,890,0.14003498706842687
H3K4me3,900,0.13817223000627976
H3K4me3,910,0.13658223640929312
H3K4me3,920,0.13445767018204866
H3K4me3,930,0.1322357786566248
H3K4me3,940,0.13113374965474145
H3K4me3,950,0.13084315354676898
H3K4me3,960,0.13062932454488602
H3K4me3,970,0.1295752671688659
H3K4me3,980,0.1283142277463921
H3K4me3,990,0.12748633408663093
H3K4me3,1000,0.1267228600125566
H3K4me3,1010,0.12593471713747795
H3K4me3,1020,0.12518769868173446
H3K4me3,1030,0.12467368788449645
H3K4me3,1040,0.12401574789705147
H3K4me3,1050,0.12299869805398826
H3K4me3,1060,0.12244905448838829
H3K4me3,1070,0.12215161720025268
H3K4me3,1080,0.12031077827997629
H3K4me3,1090,0.11912240703076095
H3K4me3,1100,0.11783121807909741
H3K4me3,1110,0.11721713923415097
H3K4me3,1120,0.11636868160703193
H3K4me3,1130,0.11595199372253762
H3K4me3,1140,0.11681964092906606
H3K4me3,1150,0.11678949328311525
H3K4me3,1160,0.11583959183929841
H3K4me3,1170,0.11409333032015213
H3K4me3,1180,0.11177550922787319
H3K4me3,1190,0.11017728236032763
H3K4me3,1200,0.10985105662272555
H3K4me3,1210,0.10933979359698794
H3K4me3,1220,0.10884085938480972
H3K4me3,1230,0.10852696597614656
H3K4me3,1240,0.10771551588198486
H3K4me3,1250,0.10741532919020856
H3K4me3,1260,0.10647778305084839
H3K4me3,1270,0.10538397777777878
H3K4me3,1280,0.1042408268675465
H3K4me3,1290,0.10241232253609649
H3K4me3,1300,0.10077984419334654
H3K4me3,1310,0.10007667721280687
H3K4me3,1320,0.10056601180163328
H3K4me3,1330,0.10142680527307059
H3K4me3,1340,0.10216011525423817
H3K4me3,1350,0.10210530320150768
H3K4me3,1360,0.10096488939108686
H3K4me3,1370,0.09861277940991939
H3K4me3,1380,0.09657730571249287
H3K4me3,1390,0.09590978995605867
H3K4me3,1400,0.09461584708098027
H3K4me3,1410,0.09273663239171462
H3K4me3,1420,0.09175385737602096
H3K4me3,1430,0.09069431299435095
H3K4me3,1440,0.08997607708725743
H3K4me3,1450,0.09012000200878914
H3K4me3,1460,0.09023513659761535
H3K4me3,1470,0.08924549591964902
H3K4me3,1480,0.087759673320779
H3K4me3,1490,0.08656305800376721
H3K4me3,1500,0.0850333731324552
H3K4me3,1510,0.08380797024482141
H3K4me3,1520,0.08316786503452644
H3K4me3,1530,0.08298144984306367
H3K4me3,1540,0.08196028361581942
H3K4me3,1550,0.08102685047081
H3K4me3,1560,0.08029901355932229
H3K4me3,1570,0.07890090533584454
H3K4me3,1580,0.07808946616446993
H3K4me3,1590,0.07714642937853117
H3K4me3,1600,0.07796884231010688
H3K4me3,1610,0.07706829968612701
H3K4me3,1620,0.07680375191462659
H3K4me3,1630,0.07584700765850613
H3K4me3,1640,0.07569761443816724
H3K4me3,1650,0.07538920790960472
H3K4me3,1660,0.07444480163214079
H3K4me3,1670,0.0735812695543001
H3K4me3,1680,0.07242304168236043
H3K4me3,1690,0.07094269717514122
H3K4me3,1700,0.06996676271186424
H3K4me3,1710,0.06816705285624593
H3K4me3,1720,0.06773939409918381
H3K4me3,1730,0.06762151211550513
H3K4me3,1740,0.06751596760828593
H3K4me3,1750,0.06700333659761432
H3K4me3,1760,0.06615214161958533
H3K4me3,1770,0.0657779448838665
H3K4me3,1780,0.06593968148148122
H3K4me3,1790,0.06557645034526013
H3K4me3,1800,0.06500898870056462
H3K4me3,1810,0.06533931776522249
H3K4me3,1820,0.06559974940364058
H3K4me3,1830,0.06567650596359038
H3K4me3,1840,0.06499938355304426
H3K4me3,1850,0.06440177300690478
H3K4me3,1860,0.06311743841807865
H3K4me3,1870,0.06291868499686086
H3K4me3,1880,0.06263632567482695
H3K4me3,1890,0.06249376836158142
H3K4me3,1900,0.06263221431261728
H3K4me3,1910,0.06171659309478927
H3K4me3,1920,0.06021568901443771
H3K4me3,1930,0.06043774199623309
H3K4me3,1940,0.059881241305712166
H3K4me3,1950,0.060306152919020306
H3K4me3,1960,0.06049804431889467
H3K4me3,1970,0.05971264293785267
H3K4me3,1980,0.059260314249842655
H3K4me3,1990,0.05809934563716227
H3K4me3,2000,0.057899233772755514
H3K4me3,2010,0.0584721746390454
H3K4me3,2020,0.058358401883238764
H3K4me3,2030,0.05861198079095997
H3K4me3,2040,0.05792800338983012
H3K4me3,2050,0.05738658945386032
H3K4me3,2060,0.05757026290018796
H3K4me3,2070,0.056546357187695816
H3K4me3,2080,0.05607895003138696
H3K4me3,2090,0.055771922284996445
H3K4me3,2100,0.05465617602008762
H3K4me3,2110,0.05499884808537306
H3K4me3,2120,0.05493990546139326
H3K4me3,2130,0.05460546151914584
H3K4me3,2140,0.05416135693659729
H3K4me3,2150,0.05460408876333927
H3K4me3,2160,0.0545986033898302
H3K4me3,2170,0.05458352592592562
H3K4me3,2180,0.05413257438794682
H3K4me3,2190,0.05320736095417409
H3K4me3,2200,0.053022314375392045
H3K4me3,2210,0.05280026101694884
H3K4me3,2220,0.052838636032642376
H3K4me3,2230,0.052468549403640555
H3K4me3,2240,0.05265770571249177
H3K4me3,2250,0.05228488474576237
H3K4me3,2260,0.050918311236660074
H3K4me3,2270,0.05008903904582507
H3K4me3,2280,0.050723665536722834
H3K4me3,2290,0.0504961368487127
H3K4me3,2300,0.04961203942247289
H3K4me3,2310,0.04957776647834245
H3K4me3,2320,0.04945714639045786
H3K4me3,2330,0.04922413835530414
H3K4me3,2340,0.048814302824858435
H3K4me3,2350,0.04901442297551755
H3K4me3,2360,0.048453810169491185
H3K4me3,2370,0.04863885210295003
H3K4me3,2380,0.04840858079096011
H3K4me3,2390,0.047964472441933165
H3K4me3,2400,0.047901419711236355
H3K4me3,2410,0.04709545122410516
H3K4me3,2420,0.04686929328311324
H3K4me3,2430,0.04700636346515973
H3K4me3,2440,0.04720921958568693
H3K4me3,2450,0.04700361720025069
H3K4me3,2460,0.04675689378531035
H3K4me3,2470,0.046049621468926286
H3K4me3,2480,0.045649379786565955
H3K4me3,2490,0.04563430257375989
H3K4me3,2500,0.04541362172002478
H3K4me3,2510,0.04516690131826705
H3K4me3,2520,0.04524228123038255
H3K4me3,2530,0.044778989202761674
H3K4me3,2540,0.043600196735718404
H3K4me3,2550,0.04381813295668507
H3K4me3,2560,0.043689293283113266
H3K4me3,2570,0.043372670433144696
H3K4me3,2580,0.0436002052730694
H3K4me3,2590,0.043112241556810725
H3K4me3,2600,0.04255162360326396
H3K4me3,2610,0.04205406239799085
H3K4me3,2620,0.04227200238543592
H3K4me3,2630,0.042310378782171594
H3K4me3,2640,0.04210888725674791
H3K4me3,2650,0.0427023972379156
H3K4me3,2660,0.04246801142498396
H3K4me3,2670,0.04153046290018799
H3K4me3,2680,0.041407102197112015
H3K4me3,2690,0.04086294036409263
H3K4me3,2700,0.041117887758945114
H3K4me3,2710,0.0413591250470807
H3K4me3,2720,0.04159899284369084
H3K4me3,2730,0.041254954174513137
H3K4me3,2740,0.040912277966101376
H3K4me3,2750,0.04041609077212776
H3K4me3,2760,0.03984040338983022
H3K4me3,2770,0.038885029127432226
H3K4me3,2780,0.03875344494664128
H3K4me3,2790,0.03854098418079069
H3K4me3,2800,0.03826822335216547
H3K4me3,2810,0.03839432165725017
H3K4me3,2820,0.039123535091022954
H3K4me3,2830,0.039574490772127754
H3K4me3,2840,0.03976090332705553
H3K4me3,2850,0.03998431977401101
H3K4me3,2860,0.039865073822975265
H3K4me3,2870,0.03933872630257343
H3K4me3,2880,0.03907007281858095
H3K4me3,2890,0.03949773094789675
H3K4me3,2900,0.03861500665411148
H3K4me3,2910,0.03871780941619556
H3K4me3,2920,0.03832304657878191
H3K4me3,2930,0.0382380657878214
H3K4me3,2940,0.038159934965473645
H3K4me3,2950,0.03778984607658482
H3K4me3,2960,0.03771171286880072
H3K4me3,2970,0.03734163339610773
H3K4me3,2980,0.037174410922786894
H3K4me3,2990,0.03700581519146231
H3K4me3,3000,0.03650962561205238
H3K4me3,3010,0.03672071537978624
H3K4me3,3020,0.036409567482736716
H3K4me3,3030,0.03630950659133679
H3K4me3,3040,0.03638626930320124
