status,distance_bin,beta
INS,"(-3000.0, -2970.0]",0.5036015783755048
INS,"(-2970.0, -2940.0]",0.47504005397680493
INS,"(-2940.0, -2910.0]",0.4513573994898668
INS,"(-2910.0, -2880.0]",0.4782914181114086
INS,"(-2880.0, -2850.0]",0.4637110909581779
INS,"(-2850.0, -2820.0]",0.44559164161003856
INS,"(-2820.0, -2790.0]",0.4564568014635777
INS,"(-2790.0, -2760.0]",0.4739278807923737
INS,"(-2760.0, -2730.0]",0.46485989885470047
INS,"(-2730.0, -2700.0]",0.4417515626421017
INS,"(-2700.0, -2670.0]",0.41434877130641307
INS,"(-2670.0, -2640.0]",0.4186431789992298
INS,"(-2640.0, -2610.0]",0.42889626007602377
INS,"(-2610.0, -2580.0]",0.45533421030548066
INS,"(-2580.0, -2550.0]",0.4549323732950191
INS,"(-2550.0, -2520.0]",0.42208387146584575
INS,"(-2520.0, -2490.0]",0.38267771407764445
INS,"(-2490.0, -2460.0]",0.3764137663741331
INS,"(-2460.0, -2430.0]",0.4186137360294102
INS,"(-2430.0, -2400.0]",0.43263721506076536
INS,"(-2400.0, -2370.0]",0.43254487808641895
INS,"(-2370.0, -2340.0]",0.414802148181126
INS,"(-2340.0, -2310.0]",0.37899926853103105
INS,"(-2310.0, -2280.0]",0.3871806330200049
INS,"(-2280.0, -2250.0]",0.4120997290199043
INS,"(-2250.0, -2220.0]",0.3769081288149908
INS,"(-2220.0, -2190.0]",0.39027424881268374
INS,"(-2190.0, -2160.0]",0.3740621853894735
INS,"(-2160.0, -2130.0]",0.36140710041068147
INS,"(-2130.0, -2100.0]",0.36212056862851183
INS,"(-2100.0, -2070.0]",0.3876252195130025
INS,"(-2070.0, -2040.0]",0.3663005272375935
INS,"(-2040.0, -2010.0]",0.36267010140255057
INS,"(-2010.0, -1980.0]",0.3535875466742589
INS,"(-1980.0, -1950.0]",0.3207457862450599
INS,"(-1950.0, -1920.0]",0.3266186511442456
INS,"(-1920.0, -1890.0]",0.3153562057930454
INS,"(-1890.0, -1860.0]",0.3068855184265744
INS,"(-1860.0, -1830.0]",0.3416424534273832
INS,"(-1830.0, -1800.0]",0.3086751952985214
INS,"(-1800.0, -1770.0]",0.3107851688520365
INS,"(-1770.0, -1740.0]",0.318333085671699
INS,"(-1740.0, -1710.0]",0.3218299622079313
INS,"(-1710.0, -1680.0]",0.31837055607101955
INS,"(-1680.0, -1650.0]",0.2991194537978451
INS,"(-1650.0, -1620.0]",0.29012990512773756
INS,"(-1620.0, -1590.0]",0.2961237387565244
INS,"(-1590.0, -1560.0]",0.25757121134295025
INS,"(-1560.0, -1530.0]",0.285155443842014
INS,"(-1530.0, -1500.0]",0.26702673509087826
INS,"(-1500.0, -1470.0]",0.28206183002121055
INS,"(-1470.0, -1440.0]",0.2911581898660778
INS,"(-1440.0, -1410.0]",0.28845094512224956
INS,"(-1410.0, -1380.0]",0.2657170350839229
INS,"(-1380.0, -1350.0]",0.27772014633862435
INS,"(-1350.0, -1320.0]",0.25569405526195876
INS,"(-1320.0, -1290.0]",0.24708927549064577
INS,"(-1290.0, -1260.0]",0.24520418656859266
INS,"(-1260.0, -1230.0]",0.2205932064640258
INS,"(-1230.0, -1200.0]",0.22225543092103714
INS,"(-1200.0, -1170.0]",0.2208405570681221
INS,"(-1170.0, -1140.0]",0.2099449640842548
INS,"(-1140.0, -1110.0]",0.22511191484702095
INS,"(-1110.0, -1080.0]",0.2122694838131528
INS,"(-1080.0, -1050.0]",0.1997469645001393
INS,"(-1050.0, -1020.0]",0.20179704255343534
INS,"(-1020.0, -990.0]",0.19059203585717843
INS,"(-990.0, -960.0]",0.19244684472423848
INS,"(-960.0, -930.0]",0.1870857549421615
INS,"(-930.0, -900.0]",0.15560161494626026
INS,"(-900.0, -870.0]",0.15825365671808841
INS,"(-870.0, -840.0]",0.17042687573385684
INS,"(-840.0, -810.0]",0.16665631182284876
INS,"(-810.0, -780.0]",0.1614722941481904
INS,"(-780.0, -750.0]",0.15444109809488743
INS,"(-750.0, -720.0]",0.14857036532825615
INS,"(-720.0, -690.0]",0.1491942453165308
INS,"(-690.0, -660.0]",0.15668464701726267
INS,"(-660.0, -630.0]",0.15854166119718746
INS,"(-630.0, -600.0]",0.1637248984597894
INS,"(-600.0, -570.0]",0.1716417883473351
INS,"(-570.0, -540.0]",0.15678451837745602
INS,"(-540.0, -510.0]",0.1517359548617547
INS,"(-510.0, -480.0]",0.14895841467371498
INS,"(-480.0, -450.0]",0.15271753345009706
INS,"(-450.0, -420.0]",0.15022802418660336
INS,"(-420.0, -390.0]",0.16566173086176297
INS,"(-390.0, -360.0]",0.1723923254689256
INS,"(-360.0, -330.0]",0.17583600568213928
INS,"(-330.0, -300.0]",0.16321789295278835
INS,"(-300.0, -270.0]",0.16761743177138538
INS,"(-270.0, -240.0]",0.17295500028158442
INS,"(-240.0, -210.0]",0.19581554340211202
INS,"(-210.0, -180.0]",0.20181409491956348
INS,"(-180.0, -150.0]",0.21458945877000735
INS,"(-150.0, -120.0]",0.2227272501003271
INS,"(-120.0, -90.0]",0.21927981215573403
INS,"(-90.0, -60.0]",0.236782969355339
INS,"(-60.0, -30.0]",0.2438832358355739
INS,"(-30.0, 0.0]",0.42802754587043645
NBM,"(-3000.0, -2970.0]",0.47246343778406374
NBM,"(-2970.0, -2940.0]",0.44044506304978354
NBM,"(-2940.0, -2910.0]",0.42112008569856174
NBM,"(-2910.0, -2880.0]",0.45196036572577486
NBM,"(-2880.0, -2850.0]",0.4355716476143651
NBM,"(-2850.0, -2820.0]",0.40890792703660056
NBM,"(-2820.0, -2790.0]",0.42406044443245544
NBM,"(-2790.0, -2760.0]",0.4389878904078899
NBM,"(-2760.0, -2730.0]",0.439818562406593
NBM,"(-2730.0, -2700.0]",0.42018319982702873
NBM,"(-2700.0, -2670.0]",0.3783251442816422
NBM,"(-2670.0, -2640.0]",0.3932310530550974
NBM,"(-2640.0, -2610.0]",0.3959783368233076
NBM,"(-2610.0, -2580.0]",0.42202453609549334
NBM,"(-2580.0, -2550.0]",0.4205553780996579
NBM,"(-2550.0, -2520.0]",0.3824272553430076
NBM,"(-2520.0, -2490.0]",0.34108163877108433
NBM,"(-2490.0, -2460.0]",0.3488889612551956
NBM,"(-2460.0, -2430.0]",0.3836035164812683
NBM,"(-2430.0, -2400.0]",0.39390792256547613
NBM,"(-2400.0, -2370.0]",0.3965726521583841
NBM,"(-2370.0, -2340.0]",0.37599519476190446
NBM,"(-2340.0, -2310.0]",0.34994238667792715
NBM,"(-2310.0, -2280.0]",0.3536297264688563
NBM,"(-2280.0, -2250.0]",0.3779639577097513
NBM,"(-2250.0, -2220.0]",0.3407970314231415
NBM,"(-2220.0, -2190.0]",0.3633265683228501
NBM,"(-2190.0, -2160.0]",0.34583919731879736
NBM,"(-2160.0, -2130.0]",0.3254605195539349
NBM,"(-2130.0, -2100.0]",0.3336579970545246
NBM,"(-2100.0, -2070.0]",0.35528239841595793
NBM,"(-2070.0, -2040.0]",0.33233825840909165
NBM,"(-2040.0, -2010.0]",0.33481065473799787
NBM,"(-2010.0, -1980.0]",0.3250930780816791
NBM,"(-1980.0, -1950.0]",0.29075579363636334
NBM,"(-1950.0, -1920.0]",0.30071336581794933
NBM,"(-1920.0, -1890.0]",0.279170324165758
NBM,"(-1890.0, -1860.0]",0.2696239095315167
NBM,"(-1860.0, -1830.0]",0.3038631900958936
NBM,"(-1830.0, -1800.0]",0.27002213003044523
NBM,"(-1800.0, -1770.0]",0.2779525968301352
NBM,"(-1770.0, -1740.0]",0.28116141810602324
NBM,"(-1740.0, -1710.0]",0.28925851841295436
NBM,"(-1710.0, -1680.0]",0.2859277520962202
NBM,"(-1680.0, -1650.0]",0.2687632130535112
NBM,"(-1650.0, -1620.0]",0.2533658716540672
NBM,"(-1620.0, -1590.0]",0.25378793304218594
NBM,"(-1590.0, -1560.0]",0.2240037013852948
NBM,"(-1560.0, -1530.0]",0.25183086647243325
NBM,"(-1530.0, -1500.0]",0.22832139569323187
NBM,"(-1500.0, -1470.0]",0.2404256190915672
NBM,"(-1470.0, -1440.0]",0.250189813930937
NBM,"(-1440.0, -1410.0]",0.2503838363246602
NBM,"(-1410.0, -1380.0]",0.22563927374977816
NBM,"(-1380.0, -1350.0]",0.23868925708086702
NBM,"(-1350.0, -1320.0]",0.21946008551602697
NBM,"(-1320.0, -1290.0]",0.2082218813708079
NBM,"(-1290.0, -1260.0]",0.20675034528482458
NBM,"(-1260.0, -1230.0]",0.1826574230095142
NBM,"(-1230.0, -1200.0]",0.18651284077990649
NBM,"(-1200.0, -1170.0]",0.1805460789052488
NBM,"(-1170.0, -1140.0]",0.17660729126269503
NBM,"(-1140.0, -1110.0]",0.19514221714091695
NBM,"(-1110.0, -1080.0]",0.17813778544054693
NBM,"(-1080.0, -1050.0]",0.16557927996031818
NBM,"(-1050.0, -1020.0]",0.165768215883262
NBM,"(-1020.0, -990.0]",0.15137559471559556
NBM,"(-990.0, -960.0]",0.15856868913119448
NBM,"(-960.0, -930.0]",0.15173671780905224
NBM,"(-930.0, -900.0]",0.12378505115920169
NBM,"(-900.0, -870.0]",0.12426468630112655
NBM,"(-870.0, -840.0]",0.13373842645950654
NBM,"(-840.0, -810.0]",0.1279735423319927
NBM,"(-810.0, -780.0]",0.12518426586498047
NBM,"(-780.0, -750.0]",0.1192925003850356
NBM,"(-750.0, -720.0]",0.11183576364040941
NBM,"(-720.0, -690.0]",0.1133525395644679
NBM,"(-690.0, -660.0]",0.11809031925273178
NBM,"(-660.0, -630.0]",0.11952784217189939
NBM,"(-630.0, -600.0]",0.12830766178884448
NBM,"(-600.0, -570.0]",0.13532649586050643
NBM,"(-570.0, -540.0]",0.1176566233652294
NBM,"(-540.0, -510.0]",0.11025394779452728
NBM,"(-510.0, -480.0]",0.10859429451008801
NBM,"(-480.0, -450.0]",0.11014378101354191
NBM,"(-450.0, -420.0]",0.107347974050668
NBM,"(-420.0, -390.0]",0.12016731152237123
NBM,"(-390.0, -360.0]",0.12205968801842537
NBM,"(-360.0, -330.0]",0.1246375746237068
NBM,"(-330.0, -300.0]",0.10932322234505583
NBM,"(-300.0, -270.0]",0.11212897268915008
NBM,"(-270.0, -240.0]",0.11411316782052777
NBM,"(-240.0, -210.0]",0.1314297387767463
NBM,"(-210.0, -180.0]",0.1234722721172801
NBM,"(-180.0, -150.0]",0.1230155049258824
NBM,"(-150.0, -120.0]",0.12718447535735541
NBM,"(-120.0, -90.0]",0.13090986872503593
NBM,"(-90.0, -60.0]",0.14574987930272829
NBM,"(-60.0, -30.0]",0.14978809667868123
NBM,"(-30.0, 0.0]",0.1939163352760308
Other,"(-3000.0, -2970.0]",0.47554466227722775
Other,"(-2970.0, -2940.0]",0.4392493684806396
Other,"(-2940.0, -2910.0]",0.42106906676100636
Other,"(-2910.0, -2880.0]",0.4511370012332435
Other,"(-2880.0, -2850.0]",0.4340915249051965
Other,"(-2850.0, -2820.0]",0.41627943564393954
Other,"(-2820.0, -2790.0]",0.4280585086367074
Other,"(-2790.0, -2760.0]",0.4400910419939683
Other,"(-2760.0, -2730.0]",0.4384545241384626
Other,"(-2730.0, -2700.0]",0.420858139415166
Other,"(-2700.0, -2670.0]",0.38563471099465624
Other,"(-2670.0, -2640.0]",0.3966041659699766
Other,"(-2640.0, -2610.0]",0.40410944628947343
Other,"(-2610.0, -2580.0]",0.4290409273685986
Other,"(-2580.0, -2550.0]",0.42489809339522483
Other,"(-2550.0, -2520.0]",0.39163238934037004
Other,"(-2520.0, -2490.0]",0.3495367664939752
Other,"(-2490.0, -2460.0]",0.3508087813914544
Other,"(-2460.0, -2430.0]",0.3843460005790442
Other,"(-2430.0, -2400.0]",0.40299254661458317
Other,"(-2400.0, -2370.0]",0.39875175490338133
Other,"(-2370.0, -2340.0]",0.380377123042237
Other,"(-2340.0, -2310.0]",0.3511148434149765
Other,"(-2310.0, -2280.0]",0.3623378160276572
Other,"(-2280.0, -2250.0]",0.380039122786281
Other,"(-2250.0, -2220.0]",0.34921329578384824
Other,"(-2220.0, -2190.0]",0.3652814235038717
Other,"(-2190.0, -2160.0]",0.3491416373657889
Other,"(-2160.0, -2130.0]",0.327702352191043
Other,"(-2130.0, -2100.0]",0.3438024040197218
Other,"(-2100.0, -2070.0]",0.3608729678670203
Other,"(-2070.0, -2040.0]",0.3384350902989127
Other,"(-2040.0, -2010.0]",0.3351307604508196
Other,"(-2010.0, -1980.0]",0.32703204450455486
Other,"(-1980.0, -1950.0]",0.29362364128458485
Other,"(-1950.0, -1920.0]",0.3005002994483101
Other,"(-1920.0, -1890.0]",0.2812369881631676
Other,"(-1890.0, -1860.0]",0.27535786888144315
Other,"(-1860.0, -1830.0]",0.3110806393774601
Other,"(-1830.0, -1800.0]",0.2773105146425317
Other,"(-1800.0, -1770.0]",0.2842820367703144
Other,"(-1770.0, -1740.0]",0.2888579045513933
Other,"(-1740.0, -1710.0]",0.29632668909766885
Other,"(-1710.0, -1680.0]",0.28976016874355637
Other,"(-1680.0, -1650.0]",0.2700372516889635
Other,"(-1650.0, -1620.0]",0.2646544468225364
Other,"(-1620.0, -1590.0]",0.26170396360738224
Other,"(-1590.0, -1560.0]",0.22986135409003086
Other,"(-1560.0, -1530.0]",0.2577812237148435
Other,"(-1530.0, -1500.0]",0.23680578782021663
Other,"(-1500.0, -1470.0]",0.25169176206864863
Other,"(-1470.0, -1440.0]",0.2551454658311265
Other,"(-1440.0, -1410.0]",0.26017357492664916
Other,"(-1410.0, -1380.0]",0.2357627453979396
Other,"(-1380.0, -1350.0]",0.24645539798809515
Other,"(-1350.0, -1320.0]",0.22834217629413453
Other,"(-1320.0, -1290.0]",0.21565430382875114
Other,"(-1290.0, -1260.0]",0.2131685666887328
Other,"(-1260.0, -1230.0]",0.18852370048027686
Other,"(-1230.0, -1200.0]",0.19325478866948223
Other,"(-1200.0, -1170.0]",0.1913276878403272
Other,"(-1170.0, -1140.0]",0.18390804520616139
Other,"(-1140.0, -1110.0]",0.20254138766304416
Other,"(-1110.0, -1080.0]",0.18560706735182006
Other,"(-1080.0, -1050.0]",0.17527376099728476
Other,"(-1050.0, -1020.0]",0.17714692849662136
Other,"(-1020.0, -990.0]",0.16063369423055782
Other,"(-990.0, -960.0]",0.16915324941037807
Other,"(-960.0, -930.0]",0.16048925738698624
Other,"(-930.0, -900.0]",0.1325037635873915
Other,"(-900.0, -870.0]",0.1321683602439027
Other,"(-870.0, -840.0]",0.14652569756195805
Other,"(-840.0, -810.0]",0.1398372620084513
Other,"(-810.0, -780.0]",0.136495628641274
Other,"(-780.0, -750.0]",0.13278904000276565
Other,"(-750.0, -720.0]",0.12197957030603922
Other,"(-720.0, -690.0]",0.1248196248402561
Other,"(-690.0, -660.0]",0.13242151399651308
Other,"(-660.0, -630.0]",0.13121922477721526
Other,"(-630.0, -600.0]",0.13881226265892915
Other,"(-600.0, -570.0]",0.14825101120958206
Other,"(-570.0, -540.0]",0.12917869290039538
Other,"(-540.0, -510.0]",0.12253546629210567
Other,"(-510.0, -480.0]",0.12099755989164916
Other,"(-480.0, -450.0]",0.12164409312526338
Other,"(-450.0, -420.0]",0.11946968750797471
Other,"(-420.0, -390.0]",0.13402883588162887
Other,"(-390.0, -360.0]",0.13561691237150922
Other,"(-360.0, -330.0]",0.13961225509493708
Other,"(-330.0, -300.0]",0.12513728210989014
Other,"(-300.0, -270.0]",0.1278063208451688
Other,"(-270.0, -240.0]",0.13072331414699095
Other,"(-240.0, -210.0]",0.15186285213536177
Other,"(-210.0, -180.0]",0.14867152911036183
Other,"(-180.0, -150.0]",0.15147108648860527
Other,"(-150.0, -120.0]",0.1563833123546779
Other,"(-120.0, -90.0]",0.1590352046985931
Other,"(-90.0, -60.0]",0.1767337940887565
Other,"(-60.0, -30.0]",0.1835875636037221
Other,"(-30.0, 0.0]",0.26828398935826314
R882,"(-3000.0, -2970.0]",0.4677109440202146
R882,"(-2970.0, -2940.0]",0.44053422344276016
R882,"(-2940.0, -2910.0]",0.4195758797896997
R882,"(-2910.0, -2880.0]",0.4514417031199741
R882,"(-2880.0, -2850.0]",0.43554578763869267
R882,"(-2850.0, -2820.0]",0.41678728962982
R882,"(-2820.0, -2790.0]",0.4327378791635193
R882,"(-2790.0, -2760.0]",0.43427897265918347
R882,"(-2760.0, -2730.0]",0.4378024109384612
R882,"(-2730.0, -2700.0]",0.4146382120420954
R882,"(-2700.0, -2670.0]",0.37950538223871755
R882,"(-2670.0, -2640.0]",0.39155124643475614
R882,"(-2640.0, -2610.0]",0.4042859872582235
R882,"(-2610.0, -2580.0]",0.421913194944406
R882,"(-2580.0, -2550.0]",0.4241465775381288
R882,"(-2550.0, -2520.0]",0.3897371717331796
R882,"(-2520.0, -2490.0]",0.3502304566987941
R882,"(-2490.0, -2460.0]",0.34731312231812866
R882,"(-2460.0, -2430.0]",0.38597389939889776
R882,"(-2430.0, -2400.0]",0.397865675353027
R882,"(-2400.0, -2370.0]",0.40213385973294147
R882,"(-2370.0, -2340.0]",0.37906563550085604
R882,"(-2340.0, -2310.0]",0.3509612003758453
R882,"(-2310.0, -2280.0]",0.36019966693871935
R882,"(-2280.0, -2250.0]",0.382341163666383
R882,"(-2250.0, -2220.0]",0.348273742137767
R882,"(-2220.0, -2190.0]",0.36718332554341815
R882,"(-2190.0, -2160.0]",0.34753150312368414
R882,"(-2160.0, -2130.0]",0.33358950356009165
R882,"(-2130.0, -2100.0]",0.33636765911687944
R882,"(-2100.0, -2070.0]",0.3641616006388289
R882,"(-2070.0, -2040.0]",0.3365726936524222
R882,"(-2040.0, -2010.0]",0.337988485599258
R882,"(-2010.0, -1980.0]",0.3316925507787585
R882,"(-1980.0, -1950.0]",0.2964319642663047
R882,"(-1950.0, -1920.0]",0.30251708737698824
R882,"(-1920.0, -1890.0]",0.28835501397423613
R882,"(-1890.0, -1860.0]",0.27835965150515396
R882,"(-1860.0, -1830.0]",0.31545683099040317
R882,"(-1830.0, -1800.0]",0.2796647678369764
R882,"(-1800.0, -1770.0]",0.2877964256260367
R882,"(-1770.0, -1740.0]",0.2900876205161143
R882,"(-1740.0, -1710.0]",0.2932711225974676
R882,"(-1710.0, -1680.0]",0.2922731651911513
R882,"(-1680.0, -1650.0]",0.2742916924885022
R882,"(-1650.0, -1620.0]",0.26618389497148676
R882,"(-1620.0, -1590.0]",0.2696609534920305
R882,"(-1590.0, -1560.0]",0.23327715160645418
R882,"(-1560.0, -1530.0]",0.258231021300782
R882,"(-1530.0, -1500.0]",0.24084081258391243
R882,"(-1500.0, -1470.0]",0.25687341383627027
R882,"(-1470.0, -1440.0]",0.2618233047102651
R882,"(-1440.0, -1410.0]",0.2624526160345357
R882,"(-1410.0, -1380.0]",0.23965526872971285
R882,"(-1380.0, -1350.0]",0.252802926186756
R882,"(-1350.0, -1320.0]",0.2300088968899492
R882,"(-1320.0, -1290.0]",0.218105045850516
R882,"(-1290.0, -1260.0]",0.2152624732625911
R882,"(-1260.0, -1230.0]",0.19363448303150638
R882,"(-1230.0, -1200.0]",0.19720569376320035
R882,"(-1200.0, -1170.0]",0.192751020962257
R882,"(-1170.0, -1140.0]",0.1862462708850715
R882,"(-1140.0, -1110.0]",0.2040910003113688
R882,"(-1110.0, -1080.0]",0.19075285466977226
R882,"(-1080.0, -1050.0]",0.1799749723021096
R882,"(-1050.0, -1020.0]",0.1798743878909978
R882,"(-1020.0, -990.0]",0.16617985376742486
R882,"(-990.0, -960.0]",0.17175437731857843
R882,"(-960.0, -930.0]",0.16534928387371634
R882,"(-930.0, -900.0]",0.136961963533607
R882,"(-900.0, -870.0]",0.13832875242690737
R882,"(-870.0, -840.0]",0.15043082284425333
R882,"(-840.0, -810.0]",0.14541733980704283
R882,"(-810.0, -780.0]",0.13899353885126592
R882,"(-780.0, -750.0]",0.13459523392664602
R882,"(-750.0, -720.0]",0.12757503746643892
R882,"(-720.0, -690.0]",0.1282342322612826
R882,"(-690.0, -660.0]",0.1351942365416068
R882,"(-660.0, -630.0]",0.13642669424158305
R882,"(-630.0, -600.0]",0.14402335177273956
R882,"(-600.0, -570.0]",0.1518310233586258
R882,"(-570.0, -540.0]",0.13626914287187464
R882,"(-540.0, -510.0]",0.12872948837684353
R882,"(-510.0, -480.0]",0.1267187354285423
R882,"(-480.0, -450.0]",0.1287622039084184
R882,"(-450.0, -420.0]",0.12686280004428435
R882,"(-420.0, -390.0]",0.1436145320144891
R882,"(-390.0, -360.0]",0.14349156445379288
R882,"(-360.0, -330.0]",0.14685292123355512
R882,"(-330.0, -300.0]",0.13313526851282126
R882,"(-300.0, -270.0]",0.13830964170785817
R882,"(-270.0, -240.0]",0.1389074486501915
R882,"(-240.0, -210.0]",0.16272970210267815
R882,"(-210.0, -180.0]",0.1611077957229357
R882,"(-180.0, -150.0]",0.1672309241361996
R882,"(-150.0, -120.0]",0.17325166602150274
R882,"(-120.0, -90.0]",0.17444612377548624
R882,"(-90.0, -60.0]",0.19184827515047936
R882,"(-60.0, -30.0]",0.20118241240871887
R882,"(-30.0, 0.0]",0.3167781198106837
WT,"(-3000.0, -2970.0]",0.4840814290115217
WT,"(-2970.0, -2940.0]",0.4573385052249285
WT,"(-2940.0, -2910.0]",0.43155993478348376
WT,"(-2910.0, -2880.0]",0.46463758015514284
WT,"(-2880.0, -2850.0]",0.44455335959983333
WT,"(-2850.0, -2820.0]",0.42739753516958034
WT,"(-2820.0, -2790.0]",0.44457714344312094
WT,"(-2790.0, -2760.0]",0.4558200557293555
WT,"(-2760.0, -2730.0]",0.4489120894527094
WT,"(-2730.0, -2700.0]",0.42741888735597666
WT,"(-2700.0, -2670.0]",0.3971558871126524
WT,"(-2670.0, -2640.0]",0.40321540941013845
WT,"(-2640.0, -2610.0]",0.41483923036151804
WT,"(-2610.0, -2580.0]",0.4391385095908262
WT,"(-2580.0, -2550.0]",0.43775435247466926
WT,"(-2550.0, -2520.0]",0.40425782223885315
WT,"(-2520.0, -2490.0]",0.36940638837566653
WT,"(-2490.0, -2460.0]",0.36519245312460075
WT,"(-2460.0, -2430.0]",0.3983464855167164
WT,"(-2430.0, -2400.0]",0.4118489717191793
WT,"(-2400.0, -2370.0]",0.4168042650799887
WT,"(-2370.0, -2340.0]",0.3952221578452742
WT,"(-2340.0, -2310.0]",0.3694190637413243
WT,"(-2310.0, -2280.0]",0.3702555785213901
WT,"(-2280.0, -2250.0]",0.3952246702940422
WT,"(-2250.0, -2220.0]",0.36097228488376765
WT,"(-2220.0, -2190.0]",0.37724900238104
WT,"(-2190.0, -2160.0]",0.35865410942157155
WT,"(-2160.0, -2130.0]",0.3462080834742217
WT,"(-2130.0, -2100.0]",0.3500316848062091
WT,"(-2100.0, -2070.0]",0.37316730248343144
WT,"(-2070.0, -2040.0]",0.3490878342937199
WT,"(-2040.0, -2010.0]",0.3467149474361718
WT,"(-2010.0, -1980.0]",0.3420732184237651
WT,"(-1980.0, -1950.0]",0.30585829379187784
WT,"(-1950.0, -1920.0]",0.3128629846902213
WT,"(-1920.0, -1890.0]",0.30213605095889107
WT,"(-1890.0, -1860.0]",0.29639618336015056
WT,"(-1860.0, -1830.0]",0.32915421168968695
WT,"(-1830.0, -1800.0]",0.2935616629197644
WT,"(-1800.0, -1770.0]",0.29966382623684606
WT,"(-1770.0, -1740.0]",0.3021452433283828
WT,"(-1740.0, -1710.0]",0.3073006492786362
WT,"(-1710.0, -1680.0]",0.3032065525071857
WT,"(-1680.0, -1650.0]",0.2853331116039806
WT,"(-1650.0, -1620.0]",0.2789687854499242
WT,"(-1620.0, -1590.0]",0.2825231519479606
WT,"(-1590.0, -1560.0]",0.2426836880976523
WT,"(-1560.0, -1530.0]",0.27066531773488955
WT,"(-1530.0, -1500.0]",0.25489978628061344
WT,"(-1500.0, -1470.0]",0.26879427618858465
WT,"(-1470.0, -1440.0]",0.2742631662127895
WT,"(-1440.0, -1410.0]",0.2738370097108102
WT,"(-1410.0, -1380.0]",0.2521007104578289
WT,"(-1380.0, -1350.0]",0.26448717805152294
WT,"(-1350.0, -1320.0]",0.2440691436336338
WT,"(-1320.0, -1290.0]",0.23308875156704933
WT,"(-1290.0, -1260.0]",0.22744783756260367
WT,"(-1260.0, -1230.0]",0.20678675374244337
WT,"(-1230.0, -1200.0]",0.2095999918084743
WT,"(-1200.0, -1170.0]",0.20741849962783318
WT,"(-1170.0, -1140.0]",0.19921084434946704
WT,"(-1140.0, -1110.0]",0.2170547483254648
WT,"(-1110.0, -1080.0]",0.20304870019627777
WT,"(-1080.0, -1050.0]",0.19315357635701585
WT,"(-1050.0, -1020.0]",0.19346058746592476
WT,"(-1020.0, -990.0]",0.18189673369712556
WT,"(-990.0, -960.0]",0.18644422147862283
WT,"(-960.0, -930.0]",0.1784906480949921
WT,"(-930.0, -900.0]",0.14981456936537116
WT,"(-900.0, -870.0]",0.15062529318631654
WT,"(-870.0, -840.0]",0.16457162414853757
WT,"(-840.0, -810.0]",0.15838193182221372
WT,"(-810.0, -780.0]",0.15316087853782584
WT,"(-780.0, -750.0]",0.14781950437735808
WT,"(-750.0, -720.0]",0.14145622051807943
WT,"(-720.0, -690.0]",0.14151311826574453
WT,"(-690.0, -660.0]",0.15029858503962298
WT,"(-660.0, -630.0]",0.15108488297804643
WT,"(-630.0, -600.0]",0.15882772595776704
WT,"(-600.0, -570.0]",0.16566048178199944
WT,"(-570.0, -540.0]",0.14976840050359821
WT,"(-540.0, -510.0]",0.14425559049477016
WT,"(-510.0, -480.0]",0.14235680459071778
WT,"(-480.0, -450.0]",0.144808833242925
WT,"(-450.0, -420.0]",0.14423515901436754
WT,"(-420.0, -390.0]",0.158058273697249
WT,"(-390.0, -360.0]",0.16169783136526902
WT,"(-360.0, -330.0]",0.16630576772132896
WT,"(-330.0, -300.0]",0.15491383230619096
WT,"(-300.0, -270.0]",0.15966313118769132
WT,"(-270.0, -240.0]",0.164135749239539
WT,"(-240.0, -210.0]",0.1871547509739799
WT,"(-210.0, -180.0]",0.18943325462391866
WT,"(-180.0, -150.0]",0.19829067325045735
WT,"(-150.0, -120.0]",0.20602637655984551
WT,"(-120.0, -90.0]",0.2079117737865549
WT,"(-90.0, -60.0]",0.22730332890078533
WT,"(-60.0, -30.0]",0.239084166081067
WT,"(-30.0, 0.0]",0.36587188442175334
INS,"(0.0, 0.02]",0.5176692394303709
INS,"(0.02, 0.04]",0.50091639559
INS,"(0.04, 0.06]",0.49949778226361813
INS,"(0.06, 0.08]",0.47941632025320097
INS,"(0.08, 0.1]",0.48877909072265996
INS,"(0.1, 0.12]",0.4887585231183727
INS,"(0.12, 0.14]",0.48549987676339085
INS,"(0.14, 0.16]",0.4863537845389948
INS,"(0.16, 0.18]",0.48531827527403254
INS,"(0.18, 0.2]",0.4977635955675922
INS,"(0.2, 0.22]",0.4945524489798508
INS,"(0.22, 0.24]",0.4905715431421469
INS,"(0.24, 0.26]",0.481663532039184
INS,"(0.26, 0.28]",0.4861918358774313
INS,"(0.28, 0.3]",0.48098961299516957
INS,"(0.3, 0.32]",0.4822705817866819
INS,"(0.32, 0.34]",0.4775687693880608
INS,"(0.34, 0.36]",0.47039191978047473
INS,"(0.36, 0.38]",0.4792114924862285
INS,"(0.38, 0.4]",0.48783889562161464
INS,"(0.4, 0.42]",0.4868654916474005
INS,"(0.42, 0.44]",0.4873823792927907
INS,"(0.44, 0.46]",0.4746016590194079
INS,"(0.46, 0.48]",0.49010768173081565
INS,"(0.48, 0.5]",0.4803766573064177
INS,"(0.5, 0.52]",0.4726835495864049
INS,"(0.52, 0.54]",0.4816920710876422
INS,"(0.54, 0.56]",0.474117686396656
INS,"(0.56, 0.58]",0.4701804553682238
INS,"(0.58, 0.6]",0.4773887928395094
INS,"(0.6, 0.62]",0.48079105075266204
INS,"(0.62, 0.64]",0.4687045830751519
INS,"(0.64, 0.66]",0.4761006666180978
INS,"(0.66, 0.68]",0.48280763811722355
INS,"(0.68, 0.7]",0.4790030946171904
INS,"(0.7, 0.72]",0.4740581281901568
INS,"(0.72, 0.74]",0.4755575210586931
INS,"(0.74, 0.76]",0.49343838751888713
INS,"(0.76, 0.78]",0.48265276289724535
INS,"(0.78, 0.8]",0.48769706261261414
INS,"(0.8, 0.82]",0.48505492239130826
INS,"(0.82, 0.84]",0.4870138771799484
INS,"(0.84, 0.86]",0.48913766740201964
INS,"(0.86, 0.88]",0.4873170297005116
INS,"(0.88, 0.9]",0.4992829750623622
INS,"(0.9, 0.92]",0.48642474739095837
INS,"(0.92, 0.94]",0.5016361291934377
INS,"(0.94, 0.96]",0.49910721955619525
INS,"(0.96, 0.98]",0.5009950669344219
INS,"(0.98, 1.0]",0.4833603522720648
NBM,"(0.0, 0.02]",0.21840821316402365
NBM,"(0.02, 0.04]",0.19835219574495927
NBM,"(0.04, 0.06]",0.19604428546653624
NBM,"(0.06, 0.08]",0.1736998738713354
NBM,"(0.08, 0.1]",0.18030099618378737
NBM,"(0.1, 0.12]",0.17968118887916604
NBM,"(0.12, 0.14]",0.18308747288624153
NBM,"(0.14, 0.16]",0.1786697340062838
NBM,"(0.16, 0.18]",0.17738905666191968
NBM,"(0.18, 0.2]",0.183931936481512
NBM,"(0.2, 0.22]",0.1809558342209433
NBM,"(0.22, 0.24]",0.17531244266565812
NBM,"(0.24, 0.26]",0.17305802164414416
NBM,"(0.26, 0.28]",0.1692982746263676
NBM,"(0.28, 0.3]",0.1725018647322
NBM,"(0.3, 0.32]",0.17142851820623242
NBM,"(0.32, 0.34]",0.1605630346438246
NBM,"(0.34, 0.36]",0.159625017755516
NBM,"(0.36, 0.38]",0.166934110780205
NBM,"(0.38, 0.4]",0.17161426935156146
NBM,"(0.4, 0.42]",0.16381416461328457
NBM,"(0.42, 0.44]",0.17084613239604124
NBM,"(0.44, 0.46]",0.16024627876103317
NBM,"(0.46, 0.48]",0.16613196028685573
NBM,"(0.48, 0.5]",0.16334321827483955
NBM,"(0.5, 0.52]",0.15951547540427127
NBM,"(0.52, 0.54]",0.15984150215950632
NBM,"(0.54, 0.56]",0.16193934821300637
NBM,"(0.56, 0.58]",0.15789445803276464
NBM,"(0.58, 0.6]",0.16066547992251518
NBM,"(0.6, 0.62]",0.1664784838268967
NBM,"(0.62, 0.64]",0.15447692912418667
NBM,"(0.64, 0.66]",0.163241306969931
NBM,"(0.66, 0.68]",0.1644050696589515
NBM,"(0.68, 0.7]",0.16338797828373894
NBM,"(0.7, 0.72]",0.16394920641994343
NBM,"(0.72, 0.74]",0.15920385319245417
NBM,"(0.74, 0.76]",0.17616586766520648
NBM,"(0.76, 0.78]",0.16291533502167452
NBM,"(0.78, 0.8]",0.1728288138966311
NBM,"(0.8, 0.82]",0.1761034044894047
NBM,"(0.82, 0.84]",0.17963446962980406
NBM,"(0.84, 0.86]",0.17892413073432706
NBM,"(0.86, 0.88]",0.17556057022003452
NBM,"(0.88, 0.9]",0.18473846489379034
NBM,"(0.9, 0.92]",0.17593228095700827
NBM,"(0.92, 0.94]",0.18673155676535974
NBM,"(0.94, 0.96]",0.1857997967227365
NBM,"(0.96, 0.98]",0.18804131039717012
NBM,"(0.98, 1.0]",0.1829117922752529
Other,"(0.0, 0.02]",0.3110700090640282
Other,"(0.02, 0.04]",0.29475080169314194
Other,"(0.04, 0.06]",0.29967261701697995
Other,"(0.06, 0.08]",0.27816293340463427
Other,"(0.08, 0.1]",0.29026530091777875
Other,"(0.1, 0.12]",0.2837250145086796
Other,"(0.12, 0.14]",0.28596250264230083
Other,"(0.14, 0.16]",0.2838573784601662
Other,"(0.16, 0.18]",0.28215322711363716
Other,"(0.18, 0.2]",0.29012518264466974
Other,"(0.2, 0.22]",0.28689769120041125
Other,"(0.22, 0.24]",0.28326672475218345
Other,"(0.24, 0.26]",0.2797159306097173
Other,"(0.26, 0.28]",0.2749883450529738
Other,"(0.28, 0.3]",0.2776379259050102
Other,"(0.3, 0.32]",0.2738778743070663
Other,"(0.32, 0.34]",0.26816854204330276
Other,"(0.34, 0.36]",0.2658321113899197
Other,"(0.36, 0.38]",0.2751105222391535
Other,"(0.38, 0.4]",0.2831949909168341
Other,"(0.4, 0.42]",0.2712920988136935
Other,"(0.42, 0.44]",0.27937357030407767
Other,"(0.44, 0.46]",0.26529051127193015
Other,"(0.46, 0.48]",0.2668564646595868
Other,"(0.48, 0.5]",0.26839654634688775
Other,"(0.5, 0.52]",0.26750662693173305
Other,"(0.52, 0.54]",0.2662504567926086
Other,"(0.54, 0.56]",0.2659140635528695
Other,"(0.56, 0.58]",0.26681741325341435
Other,"(0.58, 0.6]",0.2691486084418154
Other,"(0.6, 0.62]",0.2722386656947425
Other,"(0.62, 0.64]",0.26299151526625203
Other,"(0.64, 0.66]",0.27139089284885787
Other,"(0.66, 0.68]",0.27355316780483924
Other,"(0.68, 0.7]",0.2675578220956867
Other,"(0.7, 0.72]",0.26963124093875873
Other,"(0.72, 0.74]",0.26331854489368756
Other,"(0.74, 0.76]",0.2786882301386146
Other,"(0.76, 0.78]",0.26947030594244786
Other,"(0.78, 0.8]",0.2749569939557758
Other,"(0.8, 0.82]",0.2829120629643562
Other,"(0.82, 0.84]",0.28463206467270874
Other,"(0.84, 0.86]",0.2859217491021546
Other,"(0.86, 0.88]",0.28517582588793217
Other,"(0.88, 0.9]",0.2920345863562931
Other,"(0.9, 0.92]",0.2802138313693801
Other,"(0.92, 0.94]",0.2970227065770733
Other,"(0.94, 0.96]",0.2935823469582158
Other,"(0.96, 0.98]",0.2980353440500248
Other,"(0.98, 1.0]",0.2909192460951783
R882,"(0.0, 0.02]",0.37673998649044504
R882,"(0.02, 0.04]",0.3574844293280028
R882,"(0.04, 0.06]",0.3578852205147527
R882,"(0.06, 0.08]",0.34161374725923543
R882,"(0.08, 0.1]",0.3498502238170772
R882,"(0.1, 0.12]",0.34889537758550454
R882,"(0.12, 0.14]",0.34818049254708533
R882,"(0.14, 0.16]",0.35035251680254265
R882,"(0.16, 0.18]",0.3518561473130507
R882,"(0.18, 0.2]",0.361527107764752
R882,"(0.2, 0.22]",0.35679414556636047
R882,"(0.22, 0.24]",0.3508547676165088
R882,"(0.24, 0.26]",0.34660482422224936
R882,"(0.26, 0.28]",0.34269113368596155
R882,"(0.28, 0.3]",0.34636310332309683
R882,"(0.3, 0.32]",0.34053484504670795
R882,"(0.32, 0.34]",0.3335883798680668
R882,"(0.34, 0.36]",0.32927317474081375
R882,"(0.36, 0.38]",0.3396527665642225
R882,"(0.38, 0.4]",0.3520353080598714
R882,"(0.4, 0.42]",0.3386436195116796
R882,"(0.42, 0.44]",0.3510580149926568
R882,"(0.44, 0.46]",0.33459713358028553
R882,"(0.46, 0.48]",0.34577983130855255
R882,"(0.48, 0.5]",0.33902777003763096
R882,"(0.5, 0.52]",0.34222543439168857
R882,"(0.52, 0.54]",0.34270973290195383
R882,"(0.54, 0.56]",0.33978922706720605
R882,"(0.56, 0.58]",0.3334811211646794
R882,"(0.58, 0.6]",0.3343838930461065
R882,"(0.6, 0.62]",0.34085752377727313
R882,"(0.62, 0.64]",0.3259107620381664
R882,"(0.64, 0.66]",0.336199389430819
R882,"(0.66, 0.68]",0.3434098833449326
R882,"(0.68, 0.7]",0.3393198452803858
R882,"(0.7, 0.72]",0.3320326005683731
R882,"(0.72, 0.74]",0.33193938959510183
R882,"(0.74, 0.76]",0.35068107118399633
R882,"(0.76, 0.78]",0.33945336364487116
R882,"(0.78, 0.8]",0.3468482243650188
R882,"(0.8, 0.82]",0.3535480837735791
R882,"(0.82, 0.84]",0.3516761481998976
R882,"(0.84, 0.86]",0.3560183972871804
R882,"(0.86, 0.88]",0.3522240375556761
R882,"(0.88, 0.9]",0.35790240710884635
R882,"(0.9, 0.92]",0.3502073484650925
R882,"(0.92, 0.94]",0.36309286085330333
R882,"(0.94, 0.96]",0.3609757007719727
R882,"(0.96, 0.98]",0.36421002914682676
R882,"(0.98, 1.0]",0.3528971781570052
WT,"(0.0, 0.02]",0.4349174056549729
WT,"(0.02, 0.04]",0.4163758356529242
WT,"(0.04, 0.06]",0.41964051537405117
WT,"(0.06, 0.08]",0.40710435680622636
WT,"(0.08, 0.1]",0.4177184858158681
WT,"(0.1, 0.12]",0.4138087648274909
WT,"(0.12, 0.14]",0.41693168402051295
WT,"(0.14, 0.16]",0.41594827524861927
WT,"(0.16, 0.18]",0.4142572212109049
WT,"(0.18, 0.2]",0.42236563958016626
WT,"(0.2, 0.22]",0.4211488102351689
WT,"(0.22, 0.24]",0.4178288551423727
WT,"(0.24, 0.26]",0.409182606717199
WT,"(0.26, 0.28]",0.40827535890140504
WT,"(0.28, 0.3]",0.4074400287435894
WT,"(0.3, 0.32]",0.40723252529356535
WT,"(0.32, 0.34]",0.39988051485148307
WT,"(0.34, 0.36]",0.3948934267311496
WT,"(0.36, 0.38]",0.408712152972495
WT,"(0.38, 0.4]",0.41542018156784266
WT,"(0.4, 0.42]",0.40781731542005
WT,"(0.42, 0.44]",0.4181023072602433
WT,"(0.44, 0.46]",0.3992729064842282
WT,"(0.46, 0.48]",0.408015300498355
WT,"(0.48, 0.5]",0.4037764682106784
WT,"(0.5, 0.52]",0.403111849952731
WT,"(0.52, 0.54]",0.40758820591525374
WT,"(0.54, 0.56]",0.4009972828337735
WT,"(0.56, 0.58]",0.39718241795848563
WT,"(0.58, 0.6]",0.40190287270130814
WT,"(0.6, 0.62]",0.40474923224688925
WT,"(0.62, 0.64]",0.39096122552342955
WT,"(0.64, 0.66]",0.4038664256603185
WT,"(0.66, 0.68]",0.4079612089046051
WT,"(0.68, 0.7]",0.40395067033823967
WT,"(0.7, 0.72]",0.3995864286182189
WT,"(0.72, 0.74]",0.40026777865443003
WT,"(0.74, 0.76]",0.41720767702591993
WT,"(0.76, 0.78]",0.4075001507534905
WT,"(0.78, 0.8]",0.4115595815712763
WT,"(0.8, 0.82]",0.41381346135770025
WT,"(0.82, 0.84]",0.41112629348368224
WT,"(0.84, 0.86]",0.4140753436109446
WT,"(0.86, 0.88]",0.41428995388308654
WT,"(0.88, 0.9]",0.4212436688310892
WT,"(0.9, 0.92]",0.412158588324799
WT,"(0.92, 0.94]",0.4266968029917603
WT,"(0.94, 0.96]",0.4255482422750693
WT,"(0.96, 0.98]",0.42937859363006375
WT,"(0.98, 1.0]",0.41628558723095005
INS,"(0.0, 30.0]",0.2565934768351486
INS,"(30.0, 60.0]",0.24044490405586738
INS,"(60.0, 90.0]",0.22737633761144985
INS,"(90.0, 120.0]",0.22513183291998295
INS,"(120.0, 150.0]",0.23150172270096203
INS,"(150.0, 180.0]",0.21998878212534684
INS,"(180.0, 210.0]",0.19906894545467999
INS,"(210.0, 240.0]",0.17759787182395867
INS,"(240.0, 270.0]",0.1736870811479766
INS,"(270.0, 300.0]",0.15873091620593394
INS,"(300.0, 330.0]",0.1566489439300349
INS,"(330.0, 360.0]",0.16663135928432107
INS,"(360.0, 390.0]",0.15152528109871208
INS,"(390.0, 420.0]",0.16433920850241718
INS,"(420.0, 450.0]",0.15058087403523532
INS,"(450.0, 480.0]",0.16641900615041855
INS,"(480.0, 510.0]",0.15966541605244708
INS,"(510.0, 540.0]",0.17935553400633036
INS,"(540.0, 570.0]",0.16068422189062967
INS,"(570.0, 600.0]",0.1647401411712301
INS,"(600.0, 630.0]",0.1418181895672686
INS,"(630.0, 660.0]",0.16601098469295253
INS,"(660.0, 690.0]",0.16891141537664917
INS,"(690.0, 720.0]",0.1778732879261226
INS,"(720.0, 750.0]",0.14954255225651192
INS,"(750.0, 780.0]",0.16170655242774595
INS,"(780.0, 810.0]",0.14972944709473968
INS,"(810.0, 840.0]",0.1730517867750519
INS,"(840.0, 870.0]",0.17455624371102574
INS,"(870.0, 900.0]",0.16521221877392256
INS,"(900.0, 930.0]",0.17137986781444814
INS,"(930.0, 960.0]",0.19157319292697658
INS,"(960.0, 990.0]",0.20581149597682288
INS,"(990.0, 1020.0]",0.20963318422941726
INS,"(1020.0, 1050.0]",0.204362280815318
INS,"(1050.0, 1080.0]",0.2173623365327658
INS,"(1080.0, 1110.0]",0.18444001713343897
INS,"(1110.0, 1140.0]",0.19209653649305555
INS,"(1140.0, 1170.0]",0.1985377670578445
INS,"(1170.0, 1200.0]",0.21515019048313763
INS,"(1200.0, 1230.0]",0.20585096272564238
INS,"(1230.0, 1260.0]",0.20007957868028955
INS,"(1260.0, 1290.0]",0.22178122011859505
INS,"(1290.0, 1320.0]",0.22404358258206428
INS,"(1320.0, 1350.0]",0.2347664873905727
INS,"(1350.0, 1380.0]",0.25472125537234713
INS,"(1380.0, 1410.0]",0.24048978054659437
INS,"(1410.0, 1440.0]",0.2543616909898981
INS,"(1440.0, 1470.0]",0.2500787100731858
INS,"(1470.0, 1500.0]",0.2597237658127818
INS,"(1500.0, 1530.0]",0.2537922129246797
INS,"(1530.0, 1560.0]",0.24579839285734714
INS,"(1560.0, 1590.0]",0.29695339255239694
INS,"(1590.0, 1620.0]",0.28665862200468467
INS,"(1620.0, 1650.0]",0.2909209903201824
INS,"(1650.0, 1680.0]",0.3143133021957671
INS,"(1680.0, 1710.0]",0.36152224711150227
INS,"(1710.0, 1740.0]",0.34050105138795894
INS,"(1740.0, 1770.0]",0.33817577318480885
INS,"(1770.0, 1800.0]",0.3248728955481609
INS,"(1800.0, 1830.0]",0.3164372265340256
INS,"(1830.0, 1860.0]",0.27931408097777755
INS,"(1860.0, 1890.0]",0.29877036268535756
INS,"(1890.0, 1920.0]",0.338669952798088
INS,"(1920.0, 1950.0]",0.36690993429916036
INS,"(1950.0, 1980.0]",0.38562880286746376
INS,"(1980.0, 2010.0]",0.36945213510674396
INS,"(2010.0, 2040.0]",0.37507092848401163
INS,"(2040.0, 2070.0]",0.3499940192690608
INS,"(2070.0, 2100.0]",0.3213446854754748
INS,"(2100.0, 2130.0]",0.3610950917242878
INS,"(2130.0, 2160.0]",0.38717118046602306
INS,"(2160.0, 2190.0]",0.40546954753812603
INS,"(2190.0, 2220.0]",0.37030992525419304
INS,"(2220.0, 2250.0]",0.3615246066590555
INS,"(2250.0, 2280.0]",0.36733500865900387
INS,"(2280.0, 2310.0]",0.4139030019123926
INS,"(2310.0, 2340.0]",0.441204664962025
INS,"(2340.0, 2370.0]",0.4574401675521284
INS,"(2370.0, 2400.0]",0.45479346523714803
INS,"(2400.0, 2430.0]",0.40310563826917045
INS,"(2430.0, 2460.0]",0.4280206174716861
INS,"(2460.0, 2490.0]",0.42210917631065115
INS,"(2490.0, 2520.0]",0.47332642366265854
INS,"(2520.0, 2550.0]",0.3859324561700328
INS,"(2550.0, 2580.0]",0.49409724027236135
INS,"(2580.0, 2610.0]",0.49179181206123745
INS,"(2610.0, 2640.0]",0.4328942754632371
INS,"(2640.0, 2670.0]",0.48882847989542455
INS,"(2670.0, 2700.0]",0.45743679078412597
INS,"(2700.0, 2730.0]",0.44206594466374155
INS,"(2730.0, 2760.0]",0.4686066053479234
INS,"(2760.0, 2790.0]",0.4810976897315854
INS,"(2790.0, 2820.0]",0.4532063605712289
INS,"(2820.0, 2850.0]",0.4639430782379659
INS,"(2850.0, 2880.0]",0.4528604603727137
INS,"(2880.0, 2910.0]",0.48960350276294046
INS,"(2910.0, 2940.0]",0.5118672035138884
INS,"(2940.0, 2970.0]",0.48141971438466913
INS,"(2970.0, 3000.0]",0.5079136101701689
NBM,"(0.0, 30.0]",0.14354530922623385
NBM,"(30.0, 60.0]",0.1463316662014839
NBM,"(60.0, 90.0]",0.13723435626629527
NBM,"(90.0, 120.0]",0.1379277999329813
NBM,"(120.0, 150.0]",0.1415501221718267
NBM,"(150.0, 180.0]",0.1345392396220395
NBM,"(180.0, 210.0]",0.1238547421521262
NBM,"(210.0, 240.0]",0.11277674200310653
NBM,"(240.0, 270.0]",0.1131389151029508
NBM,"(270.0, 300.0]",0.10050895442044444
NBM,"(300.0, 330.0]",0.09965433317052866
NBM,"(330.0, 360.0]",0.11390913865329849
NBM,"(360.0, 390.0]",0.10632437457387747
NBM,"(390.0, 420.0]",0.12368688167850121
NBM,"(420.0, 450.0]",0.11029098593971753
NBM,"(450.0, 480.0]",0.12546208604659265
NBM,"(480.0, 510.0]",0.11768746967499406
NBM,"(510.0, 540.0]",0.1355728953364499
NBM,"(540.0, 570.0]",0.12038172798140026
NBM,"(570.0, 600.0]",0.12708407144102937
NBM,"(600.0, 630.0]",0.10799162802429856
NBM,"(630.0, 660.0]",0.127412459647175
NBM,"(660.0, 690.0]",0.1322766595155117
NBM,"(690.0, 720.0]",0.14058177043607345
NBM,"(720.0, 750.0]",0.11265747598820493
NBM,"(750.0, 780.0]",0.12336260850574016
NBM,"(780.0, 810.0]",0.11645516242154154
NBM,"(810.0, 840.0]",0.1429227682863989
NBM,"(840.0, 870.0]",0.14620569984416099
NBM,"(870.0, 900.0]",0.12782557883334902
NBM,"(900.0, 930.0]",0.13506718961282435
NBM,"(930.0, 960.0]",0.1591106296544248
NBM,"(960.0, 990.0]",0.1701792008801978
NBM,"(990.0, 1020.0]",0.1756134343438337
NBM,"(1020.0, 1050.0]",0.16609532642647207
NBM,"(1050.0, 1080.0]",0.18255950210295327
NBM,"(1080.0, 1110.0]",0.1535050347312385
NBM,"(1110.0, 1140.0]",0.15981063677443685
NBM,"(1140.0, 1170.0]",0.16253871333533979
NBM,"(1170.0, 1200.0]",0.18369716077069556
NBM,"(1200.0, 1230.0]",0.17848558783775428
NBM,"(1230.0, 1260.0]",0.1714796971865765
NBM,"(1260.0, 1290.0]",0.1980813525668398
NBM,"(1290.0, 1320.0]",0.19372285700942782
NBM,"(1320.0, 1350.0]",0.20455108862387655
NBM,"(1350.0, 1380.0]",0.22225236388578148
NBM,"(1380.0, 1410.0]",0.2101413192347768
NBM,"(1410.0, 1440.0]",0.21821792651282562
NBM,"(1440.0, 1470.0]",0.21019645431651046
NBM,"(1470.0, 1500.0]",0.2240103380129576
NBM,"(1500.0, 1530.0]",0.2179253190968413
NBM,"(1530.0, 1560.0]",0.21064510579364004
NBM,"(1560.0, 1590.0]",0.2558463621350129
NBM,"(1590.0, 1620.0]",0.25183845447568737
NBM,"(1620.0, 1650.0]",0.2607919031699342
NBM,"(1650.0, 1680.0]",0.27594271748809485
NBM,"(1680.0, 1710.0]",0.33072253671831797
NBM,"(1710.0, 1740.0]",0.311861261970855
NBM,"(1740.0, 1770.0]",0.31018544480662325
NBM,"(1770.0, 1800.0]",0.299678346637747
NBM,"(1800.0, 1830.0]",0.2919489441683146
NBM,"(1830.0, 1860.0]",0.250609626276623
NBM,"(1860.0, 1890.0]",0.2683755130093456
NBM,"(1890.0, 1920.0]",0.31005080454377765
NBM,"(1920.0, 1950.0]",0.3353195961496978
NBM,"(1950.0, 1980.0]",0.3532278774967964
NBM,"(1980.0, 2010.0]",0.3332609680692454
NBM,"(2010.0, 2040.0]",0.3443930406980186
NBM,"(2040.0, 2070.0]",0.31893115277072653
NBM,"(2070.0, 2100.0]",0.2924861621782498
NBM,"(2100.0, 2130.0]",0.32877012236091613
NBM,"(2130.0, 2160.0]",0.3574045780903184
NBM,"(2160.0, 2190.0]",0.3782516327295356
NBM,"(2190.0, 2220.0]",0.3325935472220349
NBM,"(2220.0, 2250.0]",0.32685823743998643
NBM,"(2250.0, 2280.0]",0.3421650783497539
NBM,"(2280.0, 2310.0]",0.37952635185954636
NBM,"(2310.0, 2340.0]",0.4039535344846288
NBM,"(2340.0, 2370.0]",0.4243818294509743
NBM,"(2370.0, 2400.0]",0.4294907106475475
NBM,"(2400.0, 2430.0]",0.37521314442857034
NBM,"(2430.0, 2460.0]",0.40333886949035674
NBM,"(2460.0, 2490.0]",0.3887971916666668
NBM,"(2490.0, 2520.0]",0.4391716807787164
NBM,"(2520.0, 2550.0]",0.3499626465566379
NBM,"(2550.0, 2580.0]",0.4506040534540387
NBM,"(2580.0, 2610.0]",0.4490468033502431
NBM,"(2610.0, 2640.0]",0.41103509030945296
NBM,"(2640.0, 2670.0]",0.4646271565903365
NBM,"(2670.0, 2700.0]",0.42527689354285614
NBM,"(2700.0, 2730.0]",0.4054509605075189
NBM,"(2730.0, 2760.0]",0.42943015953102454
NBM,"(2760.0, 2790.0]",0.4438704129273671
NBM,"(2790.0, 2820.0]",0.42263819824451365
NBM,"(2820.0, 2850.0]",0.42648152458738714
NBM,"(2850.0, 2880.0]",0.41519509635623836
NBM,"(2880.0, 2910.0]",0.46251681358626556
NBM,"(2910.0, 2940.0]",0.47183670023660784
NBM,"(2940.0, 2970.0]",0.4500390041139239
NBM,"(2970.0, 3000.0]",0.47154845234877635
Other,"(0.0, 30.0]",0.18740034085825402
Other,"(30.0, 60.0]",0.177693600645874
Other,"(60.0, 90.0]",0.1685463107114549
Other,"(90.0, 120.0]",0.16661096037105863
Other,"(120.0, 150.0]",0.17041262574884497
Other,"(150.0, 180.0]",0.1610835739900078
Other,"(180.0, 210.0]",0.14740974141878585
Other,"(210.0, 240.0]",0.13228495833019613
Other,"(240.0, 270.0]",0.13264417154719965
Other,"(270.0, 300.0]",0.11882342024243317
Other,"(300.0, 330.0]",0.11483413534039215
Other,"(330.0, 360.0]",0.13146379747056103
Other,"(360.0, 390.0]",0.12078711972947412
Other,"(390.0, 420.0]",0.13492016730255318
Other,"(420.0, 450.0]",0.12198626176803762
Other,"(450.0, 480.0]",0.1378076640018337
Other,"(480.0, 510.0]",0.128227802475181
Other,"(510.0, 540.0]",0.147731084557188
Other,"(540.0, 570.0]",0.13126789039653244
Other,"(570.0, 600.0]",0.13596250599818854
Other,"(600.0, 630.0]",0.1168685500414839
Other,"(630.0, 660.0]",0.13911688505681838
Other,"(660.0, 690.0]",0.14267219940876616
Other,"(690.0, 720.0]",0.1490196751497358
Other,"(720.0, 750.0]",0.12049889442203628
Other,"(750.0, 780.0]",0.13472263359320824
Other,"(780.0, 810.0]",0.12518339639039833
Other,"(810.0, 840.0]",0.1506379321177445
Other,"(840.0, 870.0]",0.15268892222098202
Other,"(870.0, 900.0]",0.13742865141009472
Other,"(900.0, 930.0]",0.14282146192656778
Other,"(930.0, 960.0]",0.16789454130735504
Other,"(960.0, 990.0]",0.17767294186487
Other,"(990.0, 1020.0]",0.18232068663309306
Other,"(1020.0, 1050.0]",0.1725072544013955
Other,"(1050.0, 1080.0]",0.19129760606244942
Other,"(1080.0, 1110.0]",0.1613877003372234
Other,"(1110.0, 1140.0]",0.16916899889185857
Other,"(1140.0, 1170.0]",0.17261922939489657
Other,"(1170.0, 1200.0]",0.18980158288534735
Other,"(1200.0, 1230.0]",0.18111064706987895
Other,"(1230.0, 1260.0]",0.17726727929358269
Other,"(1260.0, 1290.0]",0.2037780992266838
Other,"(1290.0, 1320.0]",0.19910337887309576
Other,"(1320.0, 1350.0]",0.21006423311917313
Other,"(1350.0, 1380.0]",0.22990049010083055
Other,"(1380.0, 1410.0]",0.21786258520449273
Other,"(1410.0, 1440.0]",0.22351287735369343
Other,"(1440.0, 1470.0]",0.2172236432739523
Other,"(1470.0, 1500.0]",0.23145033973150397
Other,"(1500.0, 1530.0]",0.22547891319711552
Other,"(1530.0, 1560.0]",0.21700086504193528
Other,"(1560.0, 1590.0]",0.26630994752584
Other,"(1590.0, 1620.0]",0.256510487520708
Other,"(1620.0, 1650.0]",0.2628716249421101
Other,"(1650.0, 1680.0]",0.2851308076805552
Other,"(1680.0, 1710.0]",0.33175348976851876
Other,"(1710.0, 1740.0]",0.30963228191262476
Other,"(1740.0, 1770.0]",0.31114771197758007
Other,"(1770.0, 1800.0]",0.2991762361044097
Other,"(1800.0, 1830.0]",0.29429069089965426
Other,"(1830.0, 1860.0]",0.2520650228863623
Other,"(1860.0, 1890.0]",0.27439609497897105
Other,"(1890.0, 1920.0]",0.3152141050510753
Other,"(1920.0, 1950.0]",0.33820977738489866
Other,"(1950.0, 1980.0]",0.3531486360874436
Other,"(1980.0, 2010.0]",0.3419946828957418
Other,"(2010.0, 2040.0]",0.3471869933980328
Other,"(2040.0, 2070.0]",0.324513131020794
Other,"(2070.0, 2100.0]",0.2936459857657655
Other,"(2100.0, 2130.0]",0.3338428934515651
Other,"(2130.0, 2160.0]",0.36052358693956543
Other,"(2160.0, 2190.0]",0.38418123332788756
Other,"(2190.0, 2220.0]",0.3416052054716977
Other,"(2220.0, 2250.0]",0.3367617247117579
Other,"(2250.0, 2280.0]",0.3449947001925277
Other,"(2280.0, 2310.0]",0.38798317017728345
Other,"(2310.0, 2340.0]",0.4101027138259491
Other,"(2340.0, 2370.0]",0.43179688860861115
Other,"(2370.0, 2400.0]",0.43261172130597053
Other,"(2400.0, 2430.0]",0.37803136364436574
Other,"(2430.0, 2460.0]",0.4004265395144628
Other,"(2460.0, 2490.0]",0.3903230421511625
Other,"(2490.0, 2520.0]",0.44406009506121086
Other,"(2520.0, 2550.0]",0.3565332448390153
Other,"(2550.0, 2580.0]",0.457380483206825
Other,"(2580.0, 2610.0]",0.45999260495738575
Other,"(2610.0, 2640.0]",0.411223673141691
Other,"(2640.0, 2670.0]",0.46560492168749984
Other,"(2670.0, 2700.0]",0.4249837974321423
Other,"(2700.0, 2730.0]",0.40420363780263174
Other,"(2730.0, 2760.0]",0.4355622528566912
Other,"(2760.0, 2790.0]",0.4477539732162916
Other,"(2790.0, 2820.0]",0.4239657550117558
Other,"(2820.0, 2850.0]",0.4317598832186646
Other,"(2850.0, 2880.0]",0.4177781186669301
Other,"(2880.0, 2910.0]",0.46401232236646855
Other,"(2910.0, 2940.0]",0.47748278469531186
Other,"(2940.0, 2970.0]",0.45199836867484217
Other,"(2970.0, 3000.0]",0.476609763539789
R882,"(0.0, 30.0]",0.20993710130954976
R882,"(30.0, 60.0]",0.19542594310688344
R882,"(60.0, 90.0]",0.1811321127916223
R882,"(90.0, 120.0]",0.18052245476988985
R882,"(120.0, 150.0]",0.1864049100715679
R882,"(150.0, 180.0]",0.17702643771738338
R882,"(180.0, 210.0]",0.15976270775930704
R882,"(210.0, 240.0]",0.14326502075488087
R882,"(240.0, 270.0]",0.13990553110397416
R882,"(270.0, 300.0]",0.1270666796634313
R882,"(300.0, 330.0]",0.12607665497348713
R882,"(330.0, 360.0]",0.1383941203908192
R882,"(360.0, 390.0]",0.1268834819630349
R882,"(390.0, 420.0]",0.13989367365628888
R882,"(420.0, 450.0]",0.12851581751232238
R882,"(450.0, 480.0]",0.14226335981908084
R882,"(480.0, 510.0]",0.1334884928911904
R882,"(510.0, 540.0]",0.15614755246058837
R882,"(540.0, 570.0]",0.13715969133173994
R882,"(570.0, 600.0]",0.1436397064144037
R882,"(600.0, 630.0]",0.12329930490937765
R882,"(630.0, 660.0]",0.14498042525784596
R882,"(660.0, 690.0]",0.14868357965952764
R882,"(690.0, 720.0]",0.15508802358595106
R882,"(720.0, 750.0]",0.12845059014313812
R882,"(750.0, 780.0]",0.1393963395220389
R882,"(780.0, 810.0]",0.13008791147380822
R882,"(810.0, 840.0]",0.15242516385397994
R882,"(840.0, 870.0]",0.15659134289261803
R882,"(870.0, 900.0]",0.1425193210280763
R882,"(900.0, 930.0]",0.1488435386461636
R882,"(930.0, 960.0]",0.17120208160285913
R882,"(960.0, 990.0]",0.1808383995718822
R882,"(990.0, 1020.0]",0.18561914820481182
R882,"(1020.0, 1050.0]",0.17873247047959157
R882,"(1050.0, 1080.0]",0.19480987153082624
R882,"(1080.0, 1110.0]",0.16285567089250386
R882,"(1110.0, 1140.0]",0.17130631305201535
R882,"(1140.0, 1170.0]",0.17489887482543368
R882,"(1170.0, 1200.0]",0.19472123593304072
R882,"(1200.0, 1230.0]",0.1840470681968975
R882,"(1230.0, 1260.0]",0.1776840314002637
R882,"(1260.0, 1290.0]",0.2041104458296639
R882,"(1290.0, 1320.0]",0.20368817023286911
R882,"(1320.0, 1350.0]",0.2112630300633746
R882,"(1350.0, 1380.0]",0.23295553902802563
R882,"(1380.0, 1410.0]",0.21930982668346777
R882,"(1410.0, 1440.0]",0.2290095715710228
R882,"(1440.0, 1470.0]",0.22147506001571948
R882,"(1470.0, 1500.0]",0.2339880787835618
R882,"(1500.0, 1530.0]",0.22894232927283698
R882,"(1530.0, 1560.0]",0.22096949755161363
R882,"(1560.0, 1590.0]",0.26836238370074195
R882,"(1590.0, 1620.0]",0.2591321265803847
R882,"(1620.0, 1650.0]",0.26786061138078887
R882,"(1650.0, 1680.0]",0.289060009458332
R882,"(1680.0, 1710.0]",0.3356999666688714
R882,"(1710.0, 1740.0]",0.31788847155413935
R882,"(1740.0, 1770.0]",0.316545291588409
R882,"(1770.0, 1800.0]",0.3026804620268312
R882,"(1800.0, 1830.0]",0.29606252105536396
R882,"(1830.0, 1860.0]",0.25334717359886333
R882,"(1860.0, 1890.0]",0.27692063009228984
R882,"(1890.0, 1920.0]",0.3164664496908602
R882,"(1920.0, 1950.0]",0.34184364178291937
R882,"(1950.0, 1980.0]",0.3586946632062779
R882,"(1980.0, 2010.0]",0.3393599611790385
R882,"(2010.0, 2040.0]",0.3462545423731881
R882,"(2040.0, 2070.0]",0.3224025171514656
R882,"(2070.0, 2100.0]",0.29485097627674584
R882,"(2100.0, 2130.0]",0.3322889923397747
R882,"(2130.0, 2160.0]",0.36238735208419437
R882,"(2160.0, 2190.0]",0.3818486242020694
R882,"(2190.0, 2220.0]",0.3460899958475818
R882,"(2220.0, 2250.0]",0.3366459605222602
R882,"(2250.0, 2280.0]",0.3460525679985626
R882,"(2280.0, 2310.0]",0.39472363143179057
R882,"(2310.0, 2340.0]",0.41338929528480967
R882,"(2340.0, 2370.0]",0.4350949303422243
R882,"(2370.0, 2400.0]",0.43295336109887983
R882,"(2400.0, 2430.0]",0.38157783947183105
R882,"(2430.0, 2460.0]",0.40671091379476654
R882,"(2460.0, 2490.0]",0.3992105326065891
R882,"(2490.0, 2520.0]",0.44526114013853174
R882,"(2520.0, 2550.0]",0.3568216680476653
R882,"(2550.0, 2580.0]",0.45821143130396874
R882,"(2580.0, 2610.0]",0.4599637612393454
R882,"(2610.0, 2640.0]",0.4081375346439174
R882,"(2640.0, 2670.0]",0.46785582662867625
R882,"(2670.0, 2700.0]",0.4279078193553589
R882,"(2700.0, 2730.0]",0.4094426760049354
R882,"(2730.0, 2760.0]",0.43737776671085793
R882,"(2760.0, 2790.0]",0.4477577006004209
R882,"(2790.0, 2820.0]",0.4250430512186521
R882,"(2820.0, 2850.0]",0.4318409422070848
R882,"(2850.0, 2880.0]",0.4211694039932753
R882,"(2880.0, 2910.0]",0.46515617407640936
R882,"(2910.0, 2940.0]",0.4848910556796889
R882,"(2940.0, 2970.0]",0.45419986801423906
R882,"(2970.0, 3000.0]",0.47467800587274805
WT,"(0.0, 30.0]",0.2511768128657453
WT,"(30.0, 60.0]",0.2328472368633166
WT,"(60.0, 90.0]",0.21977636003403336
WT,"(90.0, 120.0]",0.2136561026613642
WT,"(120.0, 150.0]",0.21746127144864327
WT,"(150.0, 180.0]",0.20497854973198593
WT,"(180.0, 210.0]",0.18705023255297115
WT,"(210.0, 240.0]",0.16766662190648554
WT,"(240.0, 270.0]",0.16514824365859837
WT,"(270.0, 300.0]",0.14852766891883915
WT,"(300.0, 330.0]",0.14745161490851771
WT,"(330.0, 360.0]",0.1591348027132188
WT,"(360.0, 390.0]",0.14415399426713174
WT,"(390.0, 420.0]",0.1566648710429794
WT,"(420.0, 450.0]",0.1428849749368059
WT,"(450.0, 480.0]",0.1581545304283653
WT,"(480.0, 510.0]",0.15067620156891784
WT,"(510.0, 540.0]",0.17109250521868727
WT,"(540.0, 570.0]",0.15266774619144002
WT,"(570.0, 600.0]",0.1571689560780875
WT,"(600.0, 630.0]",0.135481553005067
WT,"(630.0, 660.0]",0.15764356048130493
WT,"(660.0, 690.0]",0.16284837365440102
WT,"(690.0, 720.0]",0.1688245421852166
WT,"(720.0, 750.0]",0.1413145695389966
WT,"(750.0, 780.0]",0.15399934185208278
WT,"(780.0, 810.0]",0.1423636844750356
WT,"(810.0, 840.0]",0.16532448222013071
WT,"(840.0, 870.0]",0.16687749491207518
WT,"(870.0, 900.0]",0.15581664379076451
WT,"(900.0, 930.0]",0.1586492877624872
WT,"(930.0, 960.0]",0.1803894034779105
WT,"(960.0, 990.0]",0.19584797040019045
WT,"(990.0, 1020.0]",0.19715664152659726
WT,"(1020.0, 1050.0]",0.19236913842618156
WT,"(1050.0, 1080.0]",0.20806120662161773
WT,"(1080.0, 1110.0]",0.1757247964957731
WT,"(1110.0, 1140.0]",0.18213228445737278
WT,"(1140.0, 1170.0]",0.18697645650135136
WT,"(1170.0, 1200.0]",0.20468951295300508
WT,"(1200.0, 1230.0]",0.19408747310449861
WT,"(1230.0, 1260.0]",0.1869678361400038
WT,"(1260.0, 1290.0]",0.21321287301401495
WT,"(1290.0, 1320.0]",0.21436599122310138
WT,"(1320.0, 1350.0]",0.22387537814093142
WT,"(1350.0, 1380.0]",0.245188328462554
WT,"(1380.0, 1410.0]",0.2283604788677577
WT,"(1410.0, 1440.0]",0.23845426746758683
WT,"(1440.0, 1470.0]",0.23326990672759454
WT,"(1470.0, 1500.0]",0.2478983819458881
WT,"(1500.0, 1530.0]",0.24070560885935463
WT,"(1530.0, 1560.0]",0.23205238548154297
WT,"(1560.0, 1590.0]",0.2828073983710371
WT,"(1590.0, 1620.0]",0.273599300680429
WT,"(1620.0, 1650.0]",0.27820609792931017
WT,"(1650.0, 1680.0]",0.3012019432877976
WT,"(1680.0, 1710.0]",0.3484823709379247
WT,"(1710.0, 1740.0]",0.32995516059405605
WT,"(1740.0, 1770.0]",0.32832131838284634
WT,"(1770.0, 1800.0]",0.3148103177845679
WT,"(1800.0, 1830.0]",0.30608479554512474
WT,"(1830.0, 1860.0]",0.265472466787184
WT,"(1860.0, 1890.0]",0.2909749738651761
WT,"(1890.0, 1920.0]",0.32674054996580226
WT,"(1920.0, 1950.0]",0.3537265755387488
WT,"(1950.0, 1980.0]",0.37118134718812273
WT,"(1980.0, 2010.0]",0.35229408396234624
WT,"(2010.0, 2040.0]",0.36041907841292586
WT,"(2040.0, 2070.0]",0.3372900389116499
WT,"(2070.0, 2100.0]",0.3078960270886874
WT,"(2100.0, 2130.0]",0.35008866514997694
WT,"(2130.0, 2160.0]",0.37180979369191136
WT,"(2160.0, 2190.0]",0.39141169964999106
WT,"(2190.0, 2220.0]",0.3574840132771421
WT,"(2220.0, 2250.0]",0.34860833761022497
WT,"(2250.0, 2280.0]",0.3565864809576038
WT,"(2280.0, 2310.0]",0.4022384474002995
WT,"(2310.0, 2340.0]",0.42417358487237905
WT,"(2340.0, 2370.0]",0.4470133204273231
WT,"(2370.0, 2400.0]",0.4451010761448482
WT,"(2400.0, 2430.0]",0.39265833015654544
WT,"(2430.0, 2460.0]",0.4143706482161414
WT,"(2460.0, 2490.0]",0.4084248455907172
WT,"(2490.0, 2520.0]",0.4572569711961284
WT,"(2520.0, 2550.0]",0.3670678168450926
WT,"(2550.0, 2580.0]",0.4725101565222153
WT,"(2580.0, 2610.0]",0.47287399593470725
WT,"(2610.0, 2640.0]",0.42040775811451214
WT,"(2640.0, 2670.0]",0.4777029871147553
WT,"(2670.0, 2700.0]",0.4381242945606572
WT,"(2700.0, 2730.0]",0.4231948669253661
WT,"(2730.0, 2760.0]",0.45248768119721916
WT,"(2760.0, 2790.0]",0.4642769234578183
WT,"(2790.0, 2820.0]",0.44011726128629525
WT,"(2820.0, 2850.0]",0.4472567835283887
WT,"(2850.0, 2880.0]",0.43143255966538857
WT,"(2880.0, 2910.0]",0.4763916055110202
WT,"(2910.0, 2940.0]",0.492567006185451
WT,"(2940.0, 2970.0]",0.4655587608565074
WT,"(2970.0, 3000.0]",0.4874473202427049
