run,context,status,pm
SRR3088187,cgi,WT,0.14414278976037195
SRR3088187,cpg_shore,WT,0.2640437596057673
SRR3088187,cpg_shelf,WT,0.31734598996146596
SRR3088187,promoter,WT,0.11583854258475214
SRR3088187,methylation_canyon,WT,0.1732924767844013
SRR3088187,exon,WT,0.2554701433575371
SRR3088187,genebody,WT,0.26884887835258015
SRR3088187,sine,WT,0.2791808081766545
SRR3088187,line,WT,0.25332283602652284
SRR3088187,ltr,WT,0.2651532184230824
SRR3088187,bivalent_domain,WT,0.3118178648957668
SRR3088187,bivalent_promoter,WT,0.24519468205588554
SRR3088187,nonbivalent_promoter,WT,0.05479536552627344
SRR3088187,bivalent_promoter_bivslop1000,WT,0.24014792371555702
SRR3088187,nonbivalent_promoter_bivslop1000,WT,0.05383412514040494
SRR3088187,all,WT,0.1913240033020069
SRR3088187,intergenic,WT,0.313327770493419
SRR3088190,cgi,WT,0.1611215348833613
SRR3088190,cpg_shore,WT,0.2845859288547653
SRR3088190,cpg_shelf,WT,0.34027520209289397
SRR3088190,promoter,WT,0.12965612182784103
SRR3088190,methylation_canyon,WT,0.19999603958241874
SRR3088190,exon,WT,0.2772564670974944
SRR3088190,genebody,WT,0.2889012544453857
SRR3088190,sine,WT,0.29879983291114526
SRR3088190,line,WT,0.28344080714128156
SRR3088190,ltr,WT,0.28018731048623136
SRR3088190,bivalent_domain,WT,0.35720469099320673
SRR3088190,bivalent_promoter,WT,0.28103904593216644
SRR3088190,nonbivalent_promoter,WT,0.05812903670866127
SRR3088190,bivalent_promoter_bivslop1000,WT,0.27502315239403846
SRR3088190,nonbivalent_promoter_bivslop1000,WT,0.05712181830056095
SRR3088190,all,WT,0.21036690193058669
SRR3088190,intergenic,WT,0.3383635986314535
SRR3088192,cgi,WT,0.1033553934517528
SRR3088192,cpg_shore,WT,0.25766220842695586
SRR3088192,cpg_shelf,WT,0.32060242770706276
SRR3088192,promoter,WT,0.08272022452808783
SRR3088192,methylation_canyon,WT,0.09994933119976575
SRR3088192,exon,WT,0.2708621776896767
SRR3088192,genebody,WT,0.28408866062165117
SRR3088192,sine,WT,0.31119298193278955
SRR3088192,line,WT,0.27933584677874024
SRR3088192,ltr,WT,0.3028410380536503
SRR3088192,bivalent_domain,WT,0.18137549863898517
SRR3088192,bivalent_promoter,WT,0.14328149521299074
SRR3088192,nonbivalent_promoter,WT,0.05403965778267485
SRR3088192,bivalent_promoter_bivslop1000,WT,0.14123072754453533
SRR3088192,nonbivalent_promoter_bivslop1000,WT,0.053609965390061354
SRR3088192,all,WT,0.18390629569829428
SRR3088192,intergenic,WT,0.3480050974996585
SRR3088195,cgi,WT,0.10803711828654138
SRR3088195,cpg_shore,WT,0.29706994951289517
SRR3088195,cpg_shelf,WT,0.37835835609083796
SRR3088195,promoter,WT,0.08631829184062563
SRR3088195,methylation_canyon,WT,0.1016276763327878
SRR3088195,exon,WT,0.32106279672791854
SRR3088195,genebody,WT,0.3400988234058273
SRR3088195,sine,WT,0.39122157059647283
SRR3088195,line,WT,0.33653573251154245
SRR3088195,ltr,WT,0.368360830428812
SRR3088195,bivalent_domain,WT,0.18060492123043675
SRR3088195,bivalent_promoter,WT,0.14021062675057283
SRR3088195,nonbivalent_promoter,WT,0.06065124561889933
SRR3088195,bivalent_promoter_bivslop1000,WT,0.13854384199964537
SRR3088195,nonbivalent_promoter_bivslop1000,WT,0.060369704844556886
SRR3088195,all,WT,0.21127386691215208
SRR3088195,intergenic,WT,0.4150885652958988
SRR3088201,cgi,WT,0.14718123221506996
SRR3088201,cpg_shore,WT,0.2800703379084825
SRR3088201,cpg_shelf,WT,0.3386542863356409
SRR3088201,promoter,WT,0.11935423892830199
SRR3088201,methylation_canyon,WT,0.17866947471135972
SRR3088201,exon,WT,0.2808583772126315
SRR3088201,genebody,WT,0.2934172466720471
SRR3088201,sine,WT,0.3100666898781064
SRR3088201,line,WT,0.27067177308097456
SRR3088201,ltr,WT,0.29201852342413553
SRR3088201,bivalent_domain,WT,0.3130817351703128
SRR3088201,bivalent_promoter,WT,0.24757533348243016
SRR3088201,nonbivalent_promoter,WT,0.058926416233926374
SRR3088201,bivalent_promoter_bivslop1000,WT,0.24282541545048048
SRR3088201,nonbivalent_promoter_bivslop1000,WT,0.05775897140578963
SRR3088201,all,WT,0.20838823409196516
SRR3088201,intergenic,WT,0.3356478146952235
SRR3088204,cgi,WT,0.12938878734066414
SRR3088204,cpg_shore,WT,0.32725772629735544
SRR3088204,cpg_shelf,WT,0.4133385607651935
SRR3088204,promoter,WT,0.1034062024178295
SRR3088204,methylation_canyon,WT,0.13172135972439894
SRR3088204,exon,WT,0.3441124017628511
SRR3088204,genebody,WT,0.3654387805662465
SRR3088204,sine,WT,0.40334032967810296
SRR3088204,line,WT,0.3548700496699008
SRR3088204,ltr,WT,0.3839767205029409
SRR3088204,bivalent_domain,WT,0.23212591875028157
SRR3088204,bivalent_promoter,WT,0.181145763269688
SRR3088204,nonbivalent_promoter,WT,0.06655476908818135
SRR3088204,bivalent_promoter_bivslop1000,WT,0.17864542196601044
SRR3088204,nonbivalent_promoter_bivslop1000,WT,0.06594928776732975
SRR3088204,all,WT,0.23002047460578648
SRR3088204,intergenic,WT,0.44438330900620054
SRR3088206,cgi,WT,0.13505086231910865
SRR3088206,cpg_shore,WT,0.27522251064049574
SRR3088206,cpg_shelf,WT,0.33489724462595
SRR3088206,promoter,WT,0.1070786170409671
SRR3088206,methylation_canyon,WT,0.1650185568425454
SRR3088206,exon,WT,0.27232392673499634
SRR3088206,genebody,WT,0.29059102355117855
SRR3088206,sine,WT,0.31964582633151245
SRR3088206,line,WT,0.27809797193216346
SRR3088206,ltr,WT,0.29444021325172803
SRR3088206,bivalent_domain,WT,0.2815340480493461
SRR3088206,bivalent_promoter,WT,0.216400118484524
SRR3088206,nonbivalent_promoter,WT,0.05539671789086117
SRR3088206,bivalent_promoter_bivslop1000,WT,0.2122678068519803
SRR3088206,nonbivalent_promoter_bivslop1000,WT,0.054661129181667815
SRR3088206,all,WT,0.1932751988371542
SRR3088206,intergenic,WT,0.34812597444133886
SRR3088209,cgi,Other,0.12011739173959109
SRR3088209,cpg_shore,Other,0.2927028271678763
SRR3088209,cpg_shelf,Other,0.37078956368534005
SRR3088209,promoter,Other,0.09485844383886041
SRR3088209,methylation_canyon,Other,0.12895456067199032
SRR3088209,exon,Other,0.30671728141577576
SRR3088209,genebody,Other,0.32727619851745565
SRR3088209,sine,Other,0.36618032524520644
SRR3088209,line,Other,0.3074869661699895
SRR3088209,ltr,Other,0.34270567383257355
SRR3088209,bivalent_domain,Other,0.2243769153527656
SRR3088209,bivalent_promoter,Other,0.17161362121592008
SRR3088209,nonbivalent_promoter,Other,0.058413326119741725
SRR3088209,bivalent_promoter_bivslop1000,Other,0.1689608157578068
SRR3088209,nonbivalent_promoter_bivslop1000,Other,0.05797501882341759
SRR3088209,all,Other,0.1977514943400455
SRR3088209,intergenic,Other,0.3942231475894543
SRR3088211,cgi,R882,0.14030545825160404
SRR3088211,cpg_shore,R882,0.25311945384892437
SRR3088211,cpg_shelf,R882,0.2778084507029059
SRR3088211,promoter,R882,0.11383534501863582
SRR3088211,methylation_canyon,R882,0.15141266748086146
SRR3088211,exon,R882,0.2332850908186007
SRR3088211,genebody,R882,0.24794785649987006
SRR3088211,sine,R882,0.26460866235603253
SRR3088211,line,R882,0.23508590801599347
SRR3088211,ltr,R882,0.25040387079503146
SRR3088211,bivalent_domain,R882,0.2780863394518891
SRR3088211,bivalent_promoter,R882,0.21942717452465949
SRR3088211,nonbivalent_promoter,R882,0.06424516182200966
SRR3088211,bivalent_promoter_bivslop1000,R882,0.215627381514978
SRR3088211,nonbivalent_promoter_bivslop1000,R882,0.0630712038058386
SRR3088211,all,R882,0.18220393078471184
SRR3088211,intergenic,R882,0.30271954379659505
SRR3088214,cgi,Other,0.10451946676266809
SRR3088214,cpg_shore,Other,0.2816709690118423
SRR3088214,cpg_shelf,Other,0.3591265101907884
SRR3088214,promoter,Other,0.08229090290679503
SRR3088214,methylation_canyon,Other,0.1005226608764495
SRR3088214,exon,Other,0.3023745082730467
SRR3088214,genebody,Other,0.3189620451463857
SRR3088214,sine,Other,0.360501595538968
SRR3088214,line,Other,0.30300551098321066
SRR3088214,ltr,Other,0.32732188893191494
SRR3088214,bivalent_domain,Other,0.18253045034253124
SRR3088214,bivalent_promoter,Other,0.13953319967816818
SRR3088214,nonbivalent_promoter,Other,0.05504319544140068
SRR3088214,bivalent_promoter_bivslop1000,Other,0.1375273866058993
SRR3088214,nonbivalent_promoter_bivslop1000,Other,0.05481873988427536
SRR3088214,all,Other,0.18635846099674858
SRR3088214,intergenic,Other,0.38090045624213925
SRR3088216,cgi,INS,0.1600183141893339
SRR3088216,cpg_shore,INS,0.30338548483239636
SRR3088216,cpg_shelf,INS,0.34692195174371154
SRR3088216,promoter,INS,0.1286467154091647
SRR3088216,methylation_canyon,INS,0.1770493412100446
SRR3088216,exon,INS,0.2872129272901064
SRR3088216,genebody,INS,0.30803127253526963
SRR3088216,sine,INS,0.3417376532992962
SRR3088216,line,INS,0.3069008254433069
SRR3088216,ltr,INS,0.3273407442652574
SRR3088216,bivalent_domain,INS,0.3228101094153489
SRR3088216,bivalent_promoter,INS,0.2515539400387063
SRR3088216,nonbivalent_promoter,INS,0.07076889572504252
SRR3088216,bivalent_promoter_bivslop1000,INS,0.24687261355373263
SRR3088216,nonbivalent_promoter_bivslop1000,INS,0.06963962432638482
SRR3088216,all,INS,0.22294755607825428
SRR3088216,intergenic,INS,0.38073798271065246
SRR3088219,cgi,INS,0.1838359346388964
SRR3088219,cpg_shore,INS,0.3108022350491265
SRR3088219,cpg_shelf,INS,0.35584216351908676
SRR3088219,promoter,INS,0.15095418512016132
SRR3088219,methylation_canyon,INS,0.20981785062322422
SRR3088219,exon,INS,0.29468308642441887
SRR3088219,genebody,INS,0.314343058924499
SRR3088219,sine,INS,0.3388836700418343
SRR3088219,line,INS,0.30345368468083983
SRR3088219,ltr,INS,0.3224773785785412
SRR3088219,bivalent_domain,INS,0.3850059350276892
SRR3088219,bivalent_promoter,INS,0.30886010115689727
SRR3088219,nonbivalent_promoter,INS,0.07673585298216905
SRR3088219,bivalent_promoter_bivslop1000,INS,0.30256582416276045
SRR3088219,nonbivalent_promoter_bivslop1000,INS,0.07526775114915521
SRR3088219,all,INS,0.23813531757766776
SRR3088219,intergenic,INS,0.38047967435980873
SRR3088221,cgi,INS,0.17181123547358215
SRR3088221,cpg_shore,INS,0.2941632253775128
SRR3088221,cpg_shelf,INS,0.3336708597193807
SRR3088221,promoter,INS,0.1385203102331886
SRR3088221,methylation_canyon,INS,0.2161043711982966
SRR3088221,exon,INS,0.27193223513723414
SRR3088221,genebody,INS,0.28868224818421984
SRR3088221,sine,INS,0.3120228735692298
SRR3088221,line,INS,0.2733465873492646
SRR3088221,ltr,INS,0.2894919046662271
SRR3088221,bivalent_domain,INS,0.38496423347613934
SRR3088221,bivalent_promoter,INS,0.30032981921620727
SRR3088221,nonbivalent_promoter,INS,0.06224747583461562
SRR3088221,bivalent_promoter_bivslop1000,INS,0.2940592946643188
SRR3088221,nonbivalent_promoter_bivslop1000,INS,0.06087464441583331
SRR3088221,all,INS,0.22170226499740997
SRR3088221,intergenic,INS,0.3404014522151879
SRR3088224,cgi,INS,0.2243688329789078
SRR3088224,cpg_shore,INS,0.3534023218087496
SRR3088224,cpg_shelf,INS,0.3981068813413449
SRR3088224,promoter,INS,0.18625341065232526
SRR3088224,methylation_canyon,INS,0.2757805753713938
SRR3088224,exon,INS,0.33089921513112147
SRR3088224,genebody,INS,0.3491222339836136
SRR3088224,sine,INS,0.3680050951799168
SRR3088224,line,INS,0.33610753886404227
SRR3088224,ltr,INS,0.3418273398676858
SRR3088224,bivalent_domain,INS,0.49491823975468
SRR3088224,bivalent_promoter,INS,0.4013546182792176
SRR3088224,nonbivalent_promoter,INS,0.08519531059318697
SRR3088224,bivalent_promoter_bivslop1000,INS,0.3935807223320917
SRR3088224,nonbivalent_promoter_bivslop1000,INS,0.08282653659088964
SRR3088224,all,INS,0.2775909476938149
SRR3088224,intergenic,INS,0.4131102346272934
SRR3088226,cgi,WT,0.17703288967336664
SRR3088226,cpg_shore,WT,0.34200051822838956
SRR3088226,cpg_shelf,WT,0.40202504099816555
SRR3088226,promoter,WT,0.14361746595757632
SRR3088226,methylation_canyon,WT,0.19731065148864127
SRR3088226,exon,WT,0.3342416349254299
SRR3088226,genebody,WT,0.3526101221583196
SRR3088226,sine,WT,0.3734526314807425
SRR3088226,line,WT,0.3428906638184673
SRR3088226,ltr,WT,0.3589416403113074
SRR3088226,bivalent_domain,WT,0.3587315422612892
SRR3088226,bivalent_promoter,WT,0.284575442536929
SRR3088226,nonbivalent_promoter,WT,0.07698708133531526
SRR3088226,bivalent_promoter_bivslop1000,WT,0.2792660254526695
SRR3088226,nonbivalent_promoter_bivslop1000,WT,0.07595841699373193
SRR3088226,all,WT,0.2498246056274419
SRR3088226,intergenic,WT,0.43353891363428204
SRR3088229,cgi,WT,0.1550199369229869
SRR3088229,cpg_shore,WT,0.3330256094089053
SRR3088229,cpg_shelf,WT,0.4014009888051409
SRR3088229,promoter,WT,0.12539994252190373
SRR3088229,methylation_canyon,WT,0.16652258760399555
SRR3088229,exon,WT,0.3329397887359255
SRR3088229,genebody,WT,0.3530875351120453
SRR3088229,sine,WT,0.3827967499104706
SRR3088229,line,WT,0.33943345320907653
SRR3088229,ltr,WT,0.36387581886716136
SRR3088229,bivalent_domain,WT,0.3001724135915962
SRR3088229,bivalent_promoter,WT,0.23801471940237826
SRR3088229,nonbivalent_promoter,WT,0.07220496964475777
SRR3088229,bivalent_promoter_bivslop1000,WT,0.2339761411648158
SRR3088229,nonbivalent_promoter_bivslop1000,WT,0.07128776301230444
SRR3088229,all,WT,0.23107749504895314
SRR3088229,intergenic,WT,0.43136601222403914
SRR3088231,cgi,WT,0.1492014185374686
SRR3088231,cpg_shore,WT,0.29144876609621917
SRR3088231,cpg_shelf,WT,0.35125331171570795
SRR3088231,promoter,WT,0.11810783545216563
SRR3088231,methylation_canyon,WT,0.18812670951534205
SRR3088231,exon,WT,0.2844349925858343
SRR3088231,genebody,WT,0.30023292012491715
SRR3088231,sine,WT,0.32410376301936444
SRR3088231,line,WT,0.28463719772333174
SRR3088231,ltr,WT,0.2955143181571584
SRR3088231,bivalent_domain,WT,0.3279427001077004
SRR3088231,bivalent_promoter,WT,0.24904142062132012
SRR3088231,nonbivalent_promoter,WT,0.05614237593005612
SRR3088231,bivalent_promoter_bivslop1000,WT,0.24389336609500825
SRR3088231,nonbivalent_promoter_bivslop1000,WT,0.05538618548589045
SRR3088231,all,WT,0.2085111779580795
SRR3088231,intergenic,WT,0.3514079392085309
SRR3088234,cgi,WT,0.15831627635939158
SRR3088234,cpg_shore,WT,0.29775446302406006
SRR3088234,cpg_shelf,WT,0.35622854057608994
SRR3088234,promoter,WT,0.12588258296325996
SRR3088234,methylation_canyon,WT,0.20039504637157407
SRR3088234,exon,WT,0.2863998247938193
SRR3088234,genebody,WT,0.3028981262680958
SRR3088234,sine,WT,0.3189934087669421
SRR3088234,line,WT,0.2853447044304094
SRR3088234,ltr,WT,0.29422667808505903
SRR3088234,bivalent_domain,WT,0.3517183665801622
SRR3088234,bivalent_promoter,WT,0.2693755209475262
SRR3088234,nonbivalent_promoter,WT,0.05806012995871929
SRR3088234,bivalent_promoter_bivslop1000,WT,0.26369974938976937
SRR3088234,nonbivalent_promoter_bivslop1000,WT,0.057167460208383
SRR3088234,all,WT,0.21454593812293063
SRR3088234,intergenic,WT,0.3591754106595105
SRR3088241,cgi,INS,0.15118433259504918
SRR3088241,cpg_shore,INS,0.28926593888972096
SRR3088241,cpg_shelf,INS,0.3533914647474521
SRR3088241,promoter,INS,0.12198205165648716
SRR3088241,methylation_canyon,INS,0.18969005637880473
SRR3088241,exon,INS,0.29682260114334863
SRR3088241,genebody,INS,0.3124477345787939
SRR3088241,sine,INS,0.3515118321157249
SRR3088241,line,INS,0.3103183500052491
SRR3088241,ltr,INS,0.3254675536786168
SRR3088241,bivalent_domain,INS,0.33049664951273183
SRR3088241,bivalent_promoter,INS,0.2595580591817418
SRR3088241,nonbivalent_promoter,INS,0.05715956535906845
SRR3088241,bivalent_promoter_bivslop1000,INS,0.254354108722584
SRR3088241,nonbivalent_promoter_bivslop1000,INS,0.05589267438360353
SRR3088241,all,INS,0.21321922838027121
SRR3088241,intergenic,INS,0.3659280508716186
SRR3088244,cgi,WT,0.13237392014508154
SRR3088244,cpg_shore,WT,0.3291011525954686
SRR3088244,cpg_shelf,WT,0.4124605674701199
SRR3088244,promoter,WT,0.10553507265375703
SRR3088244,methylation_canyon,WT,0.13699647288663885
SRR3088244,exon,WT,0.34267280211901063
SRR3088244,genebody,WT,0.3622651609883428
SRR3088244,sine,WT,0.3974996396578208
SRR3088244,line,WT,0.3533492005477196
SRR3088244,ltr,WT,0.3693200042603099
SRR3088244,bivalent_domain,WT,0.2431125434257774
SRR3088244,bivalent_promoter,WT,0.1883480578215473
SRR3088244,nonbivalent_promoter,WT,0.0662925234539054
SRR3088244,bivalent_promoter_bivslop1000,WT,0.18568558245028058
SRR3088244,nonbivalent_promoter_bivslop1000,WT,0.06565013320314503
SRR3088244,all,WT,0.22294076593798967
SRR3088244,intergenic,WT,0.4440228807501932
SRR3088248,cgi,R882,0.10501356142394448
SRR3088248,cpg_shore,R882,0.2665518500626636
SRR3088248,cpg_shelf,R882,0.352613679561994
SRR3088248,promoter,R882,0.08389544918143882
SRR3088248,methylation_canyon,R882,0.11108203557453589
SRR3088248,exon,R882,0.30144029283961565
SRR3088248,genebody,R882,0.30837274274340776
SRR3088248,sine,R882,0.33368244376082457
SRR3088248,line,R882,0.29157816773858286
SRR3088248,ltr,R882,0.3020117409499777
SRR3088248,bivalent_domain,R882,0.19977708844150996
SRR3088248,bivalent_promoter,R882,0.15593131088314946
SRR3088248,nonbivalent_promoter,R882,0.049737821670968616
SRR3088248,bivalent_promoter_bivslop1000,R882,0.15317381662108892
SRR3088248,nonbivalent_promoter_bivslop1000,R882,0.0493650088331441
SRR3088248,all,R882,0.18602061341365397
SRR3088248,intergenic,R882,0.3495165903601267
SRR3088251,cgi,R882,0.12362519964815319
SRR3088251,cpg_shore,R882,0.29549149884241854
SRR3088251,cpg_shelf,R882,0.3840819236707253
SRR3088251,promoter,R882,0.10010422741054299
SRR3088251,methylation_canyon,R882,0.13247228106208545
SRR3088251,exon,R882,0.32417780949021696
SRR3088251,genebody,R882,0.33627691766995216
SRR3088251,sine,R882,0.35993237271568723
SRR3088251,line,R882,0.3247062332968416
SRR3088251,ltr,R882,0.3256625332345628
SRR3088251,bivalent_domain,R882,0.23251305432135363
SRR3088251,bivalent_promoter,R882,0.18317809151259645
SRR3088251,nonbivalent_promoter,R882,0.06070284264213301
SRR3088251,bivalent_promoter_bivslop1000,R882,0.17993425593805107
SRR3088251,nonbivalent_promoter_bivslop1000,R882,0.06030446323583386
SRR3088251,all,R882,0.2054891835568503
SRR3088251,intergenic,R882,0.3884192600825613
SRR3088253,cgi,Other,0.11082917899076818
SRR3088253,cpg_shore,Other,0.25483476570798935
SRR3088253,cpg_shelf,Other,0.3114884385977836
SRR3088253,promoter,Other,0.08763519796140136
SRR3088253,methylation_canyon,Other,0.11674488724924993
SRR3088253,exon,Other,0.26312383975920645
SRR3088253,genebody,Other,0.2780981872583527
SRR3088253,sine,Other,0.315032355363026
SRR3088253,line,Other,0.278319811448792
SRR3088253,ltr,Other,0.3058459175871292
SRR3088253,bivalent_domain,Other,0.21352024315494408
SRR3088253,bivalent_promoter,Other,0.16513039480231675
SRR3088253,nonbivalent_promoter,Other,0.050949506232894404
SRR3088253,bivalent_promoter_bivslop1000,Other,0.16204104206357717
SRR3088253,nonbivalent_promoter_bivslop1000,Other,0.05054923324459925
SRR3088253,all,Other,0.1833614183638434
SRR3088253,intergenic,Other,0.3387732943405298
SRR3088256,cgi,Other,0.10723956576055195
SRR3088256,cpg_shore,Other,0.25925880841299226
SRR3088256,cpg_shelf,Other,0.32753905105865005
SRR3088256,promoter,Other,0.08493319945100485
SRR3088256,methylation_canyon,Other,0.10909879103050459
SRR3088256,exon,Other,0.2776647019985626
SRR3088256,genebody,Other,0.2939422670495397
SRR3088256,sine,Other,0.34202047730029617
SRR3088256,line,Other,0.3004992075149079
SRR3088256,ltr,Other,0.3223560993969913
SRR3088256,bivalent_domain,Other,0.2003817044568213
SRR3088256,bivalent_promoter,Other,0.15561227242193873
SRR3088256,nonbivalent_promoter,Other,0.05145986009540753
SRR3088256,bivalent_promoter_bivslop1000,Other,0.15292506025824867
SRR3088256,nonbivalent_promoter_bivslop1000,Other,0.05104842024958999
SRR3088256,all,Other,0.18448503381250697
SRR3088256,intergenic,Other,0.3584425308458702
SRR3088258,cgi,WT,0.11191532293623255
SRR3088258,cpg_shore,WT,0.25933507434729924
SRR3088258,cpg_shelf,WT,0.32153553033383564
SRR3088258,promoter,WT,0.08825644539741637
SRR3088258,methylation_canyon,WT,0.13227633686328674
SRR3088258,exon,WT,0.2654557959353414
SRR3088258,genebody,WT,0.27961852940237375
SRR3088258,sine,WT,0.30529849770058276
SRR3088258,line,WT,0.26531621509081327
SRR3088258,ltr,WT,0.2780203443133738
SRR3088258,bivalent_domain,WT,0.22396569481759174
SRR3088258,bivalent_promoter,WT,0.16960418786198175
SRR3088258,nonbivalent_promoter,WT,0.04967464823509168
SRR3088258,bivalent_promoter_bivslop1000,WT,0.16655933663301273
SRR3088258,nonbivalent_promoter_bivslop1000,WT,0.049241239291349916
SRR3088258,all,WT,0.17093509970899212
SRR3088258,intergenic,WT,0.3214462722193494
SRR3088261,cgi,WT,0.12714000005295206
SRR3088261,cpg_shore,WT,0.33087748412390394
SRR3088261,cpg_shelf,WT,0.4133375724284739
SRR3088261,promoter,WT,0.10047142682985692
SRR3088261,methylation_canyon,WT,0.1304252057376316
SRR3088261,exon,WT,0.3436929293293611
SRR3088261,genebody,WT,0.3641737359138344
SRR3088261,sine,WT,0.3999294080907847
SRR3088261,line,WT,0.35299487166703336
SRR3088261,ltr,WT,0.37573314662770907
SRR3088261,bivalent_domain,WT,0.22858399990239503
SRR3088261,bivalent_promoter,WT,0.17465749842784853
SRR3088261,nonbivalent_promoter,WT,0.06528558013271592
SRR3088261,bivalent_promoter_bivslop1000,WT,0.17213065316192028
SRR3088261,nonbivalent_promoter_bivslop1000,WT,0.06481643915225054
SRR3088261,all,WT,0.21945090759284155
SRR3088261,intergenic,WT,0.4425449102297102
SRR3088263,cgi,WT,0.13059795045149733
SRR3088263,cpg_shore,WT,0.28260279643985364
SRR3088263,cpg_shelf,WT,0.3519834164306824
SRR3088263,promoter,WT,0.10483410725726759
SRR3088263,methylation_canyon,WT,0.14694078450448653
SRR3088263,exon,WT,0.2932393535514303
SRR3088263,genebody,WT,0.30626968661330795
SRR3088263,sine,WT,0.3244599382371577
SRR3088263,line,WT,0.284837225241439
SRR3088263,ltr,WT,0.3072469812648457
SRR3088263,bivalent_domain,WT,0.2618695826542678
SRR3088263,bivalent_promoter,WT,0.20491132641374374
SRR3088263,nonbivalent_promoter,WT,0.05753619320898192
SRR3088263,bivalent_promoter_bivslop1000,WT,0.20121253204142983
SRR3088263,nonbivalent_promoter_bivslop1000,WT,0.05679156994907555
SRR3088263,all,WT,0.19791379085889096
SRR3088263,intergenic,WT,0.3569467232394104
SRR3088266,cgi,WT,0.12671210716445927
SRR3088266,cpg_shore,WT,0.2946002090634373
SRR3088266,cpg_shelf,WT,0.3735619503271589
SRR3088266,promoter,WT,0.10064811926665274
SRR3088266,methylation_canyon,WT,0.14024188245576164
SRR3088266,exon,WT,0.30994180963120627
SRR3088266,genebody,WT,0.32264923226431086
SRR3088266,sine,WT,0.33560829224145927
SRR3088266,line,WT,0.3077119644405772
SRR3088266,ltr,WT,0.32026555812270663
SRR3088266,bivalent_domain,WT,0.2469727663310194
SRR3088266,bivalent_promoter,WT,0.19083890455940097
SRR3088266,nonbivalent_promoter,WT,0.05797043712619395
SRR3088266,bivalent_promoter_bivslop1000,WT,0.1874595974991372
SRR3088266,nonbivalent_promoter_bivslop1000,WT,0.05740756825412557
SRR3088266,all,WT,0.20106408050899535
SRR3088266,intergenic,WT,0.37956947901282473
SRR3088268,cgi,WT,0.1159883018999996
SRR3088268,cpg_shore,WT,0.273845244352408
SRR3088268,cpg_shelf,WT,0.3486254218835815
SRR3088268,promoter,WT,0.09247991970189638
SRR3088268,methylation_canyon,WT,0.12206055672429329
SRR3088268,exon,WT,0.29533198588676424
SRR3088268,genebody,WT,0.3041361505289053
SRR3088268,sine,WT,0.32495023615631
SRR3088268,line,WT,0.29256467346187737
SRR3088268,ltr,WT,0.30605688799249703
SRR3088268,bivalent_domain,WT,0.22219179926030683
SRR3088268,bivalent_promoter,WT,0.17338130046705655
SRR3088268,nonbivalent_promoter,WT,0.05407956257992302
SRR3088268,bivalent_promoter_bivslop1000,WT,0.17066520454162717
SRR3088268,nonbivalent_promoter_bivslop1000,WT,0.05355019936180751
SRR3088268,all,WT,0.18813217524680964
SRR3088268,intergenic,WT,0.35187405056461984
SRR3088271,cgi,WT,0.14102521849258262
SRR3088271,cpg_shore,WT,0.2943783533368131
SRR3088271,cpg_shelf,WT,0.3629156643380058
SRR3088271,promoter,WT,0.11391105896038028
SRR3088271,methylation_canyon,WT,0.15820140031914343
SRR3088271,exon,WT,0.3031479660012436
SRR3088271,genebody,WT,0.31776519282997456
SRR3088271,sine,WT,0.34476229497133226
SRR3088271,line,WT,0.30674180995559613
SRR3088271,ltr,WT,0.3234331233025041
SRR3088271,bivalent_domain,WT,0.2870752004691903
SRR3088271,bivalent_promoter,WT,0.22644533909931874
SRR3088271,nonbivalent_promoter,WT,0.06069827383452182
SRR3088271,bivalent_promoter_bivslop1000,WT,0.22228075199946867
SRR3088271,nonbivalent_promoter_bivslop1000,WT,0.05986098104704629
SRR3088271,all,WT,0.2093494340495093
SRR3088271,intergenic,WT,0.37612759733602025
SRR3088273,cgi,WT,0.12086707676081657
SRR3088273,cpg_shore,WT,0.2955388058793894
SRR3088273,cpg_shelf,WT,0.3786944364201301
SRR3088273,promoter,WT,0.09542950126726953
SRR3088273,methylation_canyon,WT,0.1344479755856245
SRR3088273,exon,WT,0.31372328185198095
SRR3088273,genebody,WT,0.32507032670096253
SRR3088273,sine,WT,0.34460349175871136
SRR3088273,line,WT,0.3107946932025174
SRR3088273,ltr,WT,0.31886671741502837
SRR3088273,bivalent_domain,WT,0.23310334053992737
SRR3088273,bivalent_promoter,WT,0.17721523037100612
SRR3088273,nonbivalent_promoter,WT,0.056625662804661366
SRR3088273,bivalent_promoter_bivslop1000,WT,0.1741346720764198
SRR3088273,nonbivalent_promoter_bivslop1000,WT,0.05623133090312014
SRR3088273,all,WT,0.20048514885906704
SRR3088273,intergenic,WT,0.3849496311087734
SRR3088276,cgi,WT,0.137620702802184
SRR3088276,cpg_shore,WT,0.28299837255156773
SRR3088276,cpg_shelf,WT,0.36386608980228785
SRR3088276,promoter,WT,0.10978466046590678
SRR3088276,methylation_canyon,WT,0.16748539120362024
SRR3088276,exon,WT,0.2986684170116524
SRR3088276,genebody,WT,0.3050893393775444
SRR3088276,sine,WT,0.3163937311412391
SRR3088276,line,WT,0.2877665709073982
SRR3088276,ltr,WT,0.2935832059095189
SRR3088276,bivalent_domain,WT,0.29244274242857266
SRR3088276,bivalent_promoter,WT,0.22620737951399086
SRR3088276,nonbivalent_promoter,WT,0.05477882922074883
SRR3088276,bivalent_promoter_bivslop1000,WT,0.22158903567178026
SRR3088276,nonbivalent_promoter_bivslop1000,WT,0.054012314831407095
SRR3088276,all,WT,0.20179630220540343
SRR3088276,intergenic,WT,0.35260999117047037
SRR3088278,cgi,WT,0.13833558550809658
SRR3088278,cpg_shore,WT,0.28890226146875736
SRR3088278,cpg_shelf,WT,0.3470967184466039
SRR3088278,promoter,WT,0.11060858139737267
SRR3088278,methylation_canyon,WT,0.15490617415881455
SRR3088278,exon,WT,0.2847558954530959
SRR3088278,genebody,WT,0.30335550697093344
SRR3088278,sine,WT,0.3362500920535424
SRR3088278,line,WT,0.3068576355779117
SRR3088278,ltr,WT,0.3183731634463571
SRR3088278,bivalent_domain,WT,0.2760406962358389
SRR3088278,bivalent_promoter,WT,0.21772018952721697
SRR3088278,nonbivalent_promoter,WT,0.05995814806196127
SRR3088278,bivalent_promoter_bivslop1000,WT,0.21382213481497941
SRR3088278,nonbivalent_promoter_bivslop1000,WT,0.05914981883312398
SRR3088278,all,WT,0.2147356274573124
SRR3088278,intergenic,WT,0.3798576713723717
SRR3088281,cgi,Other,0.1379048088328628
SRR3088281,cpg_shore,Other,0.3260312613585502
SRR3088281,cpg_shelf,Other,0.40414231133556744
SRR3088281,promoter,Other,0.1088832804875357
SRR3088281,methylation_canyon,Other,0.14536558370457245
SRR3088281,exon,Other,0.33675219735367634
SRR3088281,genebody,Other,0.3564697573921876
SRR3088281,sine,Other,0.3892430625622585
SRR3088281,line,Other,0.34807598331135425
SRR3088281,ltr,Other,0.3705202580603816
SRR3088281,bivalent_domain,Other,0.2572697882647344
SRR3088281,bivalent_promoter,Other,0.19828783140934295
SRR3088281,nonbivalent_promoter,Other,0.06653889500725067
SRR3088281,bivalent_promoter_bivslop1000,Other,0.19535235752867058
SRR3088281,nonbivalent_promoter_bivslop1000,Other,0.06582933139885319
SRR3088281,all,Other,0.23879005696141262
SRR3088281,intergenic,Other,0.4341696579195119
SRR3088283,cgi,WT,0.14723680970178574
SRR3088283,cpg_shore,WT,0.2944474875425008
SRR3088283,cpg_shelf,WT,0.35356468265851104
SRR3088283,promoter,WT,0.11685089297756505
SRR3088283,methylation_canyon,WT,0.16221096216955486
SRR3088283,exon,WT,0.2874560800054972
SRR3088283,genebody,WT,0.3025064081350591
SRR3088283,sine,WT,0.3233113363875259
SRR3088283,line,WT,0.29563147771200954
SRR3088283,ltr,WT,0.30216946424831265
SRR3088283,bivalent_domain,WT,0.29848683618262367
SRR3088283,bivalent_promoter,WT,0.23024480324429242
SRR3088283,nonbivalent_promoter,WT,0.0633642172084993
SRR3088283,bivalent_promoter_bivslop1000,WT,0.22627620769388104
SRR3088283,nonbivalent_promoter_bivslop1000,WT,0.0623314668289346
SRR3088283,all,WT,0.21699097206118398
SRR3088283,intergenic,WT,0.370060381549484
SRR3088286,cgi,WT,0.1572126339063325
SRR3088286,cpg_shore,WT,0.306668009642959
SRR3088286,cpg_shelf,WT,0.36884070626480564
SRR3088286,promoter,WT,0.12546429022883523
SRR3088286,methylation_canyon,WT,0.17512295866636476
SRR3088286,exon,WT,0.3006467909536013
SRR3088286,genebody,WT,0.31657915885105864
SRR3088286,sine,WT,0.3393570947848197
SRR3088286,line,WT,0.306855403147212
SRR3088286,ltr,WT,0.3193638408482681
SRR3088286,bivalent_domain,WT,0.3293023050639785
SRR3088286,bivalent_promoter,WT,0.25638375411410874
SRR3088286,nonbivalent_promoter,WT,0.06378833788622176
SRR3088286,bivalent_promoter_bivslop1000,WT,0.25162706784701705
SRR3088286,nonbivalent_promoter_bivslop1000,WT,0.0626327634722505
SRR3088286,all,WT,0.22913886793806695
SRR3088286,intergenic,WT,0.3842292684819221
SRR3088288,cgi,WT,0.12406237200632218
SRR3088288,cpg_shore,WT,0.27428459427649815
SRR3088288,cpg_shelf,WT,0.3348541683111329
SRR3088288,promoter,WT,0.09889952783350783
SRR3088288,methylation_canyon,WT,0.13352460196181884
SRR3088288,exon,WT,0.27631649228261457
SRR3088288,genebody,WT,0.28906022251438335
SRR3088288,sine,WT,0.30611598473381657
SRR3088288,line,WT,0.2795027558191825
SRR3088288,ltr,WT,0.28805807884640705
SRR3088288,bivalent_domain,WT,0.23894688951300927
SRR3088288,bivalent_promoter,WT,0.18577470247340538
SRR3088288,nonbivalent_promoter,WT,0.057835641171437746
SRR3088288,bivalent_promoter_bivslop1000,WT,0.18260639240528934
SRR3088288,nonbivalent_promoter_bivslop1000,WT,0.05718840551372501
SRR3088288,all,WT,0.19781213200148665
SRR3088288,intergenic,WT,0.3494612413710672
SRR3088291,cgi,WT,0.1667478664802799
SRR3088291,cpg_shore,WT,0.3207452217281781
SRR3088291,cpg_shelf,WT,0.3833142445723551
SRR3088291,promoter,WT,0.1350867370811027
SRR3088291,methylation_canyon,WT,0.19177576579827246
SRR3088291,exon,WT,0.3176450231630932
SRR3088291,genebody,WT,0.33306680009620354
SRR3088291,sine,WT,0.3478302396700616
SRR3088291,line,WT,0.32173288255167887
SRR3088291,ltr,WT,0.32532723104471195
SRR3088291,bivalent_domain,WT,0.3472472796609046
SRR3088291,bivalent_promoter,WT,0.27631117898067364
SRR3088291,nonbivalent_promoter,WT,0.06846654375794223
SRR3088291,bivalent_promoter_bivslop1000,WT,0.2710090953777937
SRR3088291,nonbivalent_promoter_bivslop1000,WT,0.06726645710160707
SRR3088291,all,WT,0.24022287737034123
SRR3088291,intergenic,WT,0.40206093702911083
SRR3088293,cgi,WT,0.09987343458920754
SRR3088293,cpg_shore,WT,0.24496607751898483
SRR3088293,cpg_shelf,WT,0.31365876254450853
SRR3088293,promoter,WT,0.0792509819955843
SRR3088293,methylation_canyon,WT,0.10597083836869145
SRR3088293,exon,WT,0.26240439889643347
SRR3088293,genebody,WT,0.2730141337936718
SRR3088293,sine,WT,0.29833780265068666
SRR3088293,line,WT,0.26385134844450275
SRR3088293,ltr,WT,0.2784982231755772
SRR3088293,bivalent_domain,WT,0.1871908863927751
SRR3088293,bivalent_promoter,WT,0.14575151280883408
SRR3088293,nonbivalent_promoter,WT,0.047708155822574205
SRR3088293,bivalent_promoter_bivslop1000,WT,0.14324996403136978
SRR3088293,nonbivalent_promoter_bivslop1000,WT,0.047386284514009704
SRR3088293,all,WT,0.1675369169194349
SRR3088293,intergenic,WT,0.323335625748698
SRR3088296,cgi,Other,0.11147300895707782
SRR3088296,cpg_shore,Other,0.27581917334559347
SRR3088296,cpg_shelf,Other,0.3494246922817586
SRR3088296,promoter,Other,0.08811641309453809
SRR3088296,methylation_canyon,Other,0.11845112599060886
SRR3088296,exon,Other,0.29051618993440137
SRR3088296,genebody,Other,0.30324216472380633
SRR3088296,sine,Other,0.3275368125788928
SRR3088296,line,Other,0.28946229231538856
SRR3088296,ltr,Other,0.3043803117938604
SRR3088296,bivalent_domain,Other,0.21103563199037384
SRR3088296,bivalent_promoter,Other,0.16388382697006065
SRR3088296,nonbivalent_promoter,Other,0.052187172177973924
SRR3088296,bivalent_promoter_bivslop1000,Other,0.16104639403868168
SRR3088296,nonbivalent_promoter_bivslop1000,Other,0.05178751210459561
SRR3088296,all,Other,0.18742225087289466
SRR3088296,intergenic,Other,0.3639341772101521
SRR3088298,cgi,WT,0.16434964897958607
SRR3088298,cpg_shore,WT,0.3105232476664592
SRR3088298,cpg_shelf,WT,0.37300122321941587
SRR3088298,promoter,WT,0.1327775126958472
SRR3088298,methylation_canyon,WT,0.21348363066529713
SRR3088298,exon,WT,0.3002736523529466
SRR3088298,genebody,WT,0.3135686117517082
SRR3088298,sine,WT,0.3228828521649231
SRR3088298,line,WT,0.3116396978421596
SRR3088298,ltr,WT,0.3013708618234859
SRR3088298,bivalent_domain,WT,0.35337496577111344
SRR3088298,bivalent_promoter,WT,0.2709371451411104
SRR3088298,nonbivalent_promoter,WT,0.06767096263217996
SRR3088298,bivalent_promoter_bivslop1000,WT,0.2654234401993364
SRR3088298,nonbivalent_promoter_bivslop1000,WT,0.06664535804676784
SRR3088298,all,WT,0.23560506643341053
SRR3088298,intergenic,WT,0.3674768385681598
SRR3088301,cgi,WT,0.18039881970260707
SRR3088301,cpg_shore,WT,0.3407012820827797
SRR3088301,cpg_shelf,WT,0.41322391221629545
SRR3088301,promoter,WT,0.14629966825899024
SRR3088301,methylation_canyon,WT,0.22607923558500537
SRR3088301,exon,WT,0.3446049800340901
SRR3088301,genebody,WT,0.36136325723042856
SRR3088301,sine,WT,0.3974230227766592
SRR3088301,line,WT,0.36105676870157416
SRR3088301,ltr,WT,0.3762087575003662
SRR3088301,bivalent_domain,WT,0.39428352171268777
SRR3088301,bivalent_promoter,WT,0.30765727423970013
SRR3088301,nonbivalent_promoter,WT,0.0703592049295446
SRR3088301,bivalent_promoter_bivslop1000,WT,0.3014423437920924
SRR3088301,nonbivalent_promoter_bivslop1000,WT,0.06892443977984586
SRR3088301,all,WT,0.26335050731495413
SRR3088301,intergenic,WT,0.4263236981286168
SRR3088303,cgi,WT,0.10577477125784182
SRR3088303,cpg_shore,WT,0.2778883653244405
SRR3088303,cpg_shelf,WT,0.3632122358736137
SRR3088303,promoter,WT,0.0821318997412515
SRR3088303,methylation_canyon,WT,0.1213743202817535
SRR3088303,exon,WT,0.29910926809907756
SRR3088303,genebody,WT,0.3127432505720438
SRR3088303,sine,WT,0.34919220793371863
SRR3088303,line,WT,0.2999894078128931
SRR3088303,ltr,WT,0.3193469514329411
SRR3088303,bivalent_domain,WT,0.20280696104985976
SRR3088303,bivalent_promoter,WT,0.1491247797495853
SRR3088303,nonbivalent_promoter,WT,0.05024126625857095
SRR3088303,bivalent_promoter_bivslop1000,WT,0.1465924441810865
SRR3088303,nonbivalent_promoter_bivslop1000,WT,0.05005014384298975
SRR3088303,all,WT,0.19441793810960178
SRR3088303,intergenic,WT,0.3627127713998635
SRR3088306,cgi,WT,0.14481064924448497
SRR3088306,cpg_shore,WT,0.3088796267971419
SRR3088306,cpg_shelf,WT,0.3812686560484782
SRR3088306,promoter,WT,0.11171332007694387
SRR3088306,methylation_canyon,WT,0.18271027206943138
SRR3088306,exon,WT,0.30638909873285197
SRR3088306,genebody,WT,0.32625710361830723
SRR3088306,sine,WT,0.3578262461079325
SRR3088306,line,WT,0.32159207770320564
SRR3088306,ltr,WT,0.3300145916980253
SRR3088306,bivalent_domain,WT,0.3114136391744706
SRR3088306,bivalent_promoter,WT,0.22961707792821642
SRR3088306,nonbivalent_promoter,WT,0.05588460339824782
SRR3088306,bivalent_promoter_bivslop1000,WT,0.22506098561166396
SRR3088306,nonbivalent_promoter_bivslop1000,WT,0.05517287810012421
SRR3088306,all,WT,0.22427075324656942
SRR3088306,intergenic,WT,0.38269631012622746
SRR3088308,cgi,WT,0.11014136528597668
SRR3088308,cpg_shore,WT,0.32901938843950673
SRR3088308,cpg_shelf,WT,0.43264947636386347
SRR3088308,promoter,WT,0.08398695673661252
SRR3088308,methylation_canyon,WT,0.11020189702685157
SRR3088308,exon,WT,0.36177107697531663
SRR3088308,genebody,WT,0.3869417496489661
SRR3088308,sine,WT,0.45606519255731753
SRR3088308,line,WT,0.3773782753295386
SRR3088308,ltr,WT,0.4211585679349489
SRR3088308,bivalent_domain,WT,0.18880712302719085
SRR3088308,bivalent_promoter,WT,0.13761357419813305
SRR3088308,nonbivalent_promoter,WT,0.05834874063764541
SRR3088308,bivalent_promoter_bivslop1000,WT,0.13590266708872392
SRR3088308,nonbivalent_promoter_bivslop1000,WT,0.058189658816439796
SRR3088308,all,WT,0.21926173442185332
SRR3088308,intergenic,WT,0.45454625893793005
SRR3088311,cgi,WT,0.11866708404007031
SRR3088311,cpg_shore,WT,0.2725056203511396
SRR3088311,cpg_shelf,WT,0.3327457562602493
SRR3088311,promoter,WT,0.08973641895498492
SRR3088311,methylation_canyon,WT,0.14818591956404978
SRR3088311,exon,WT,0.261190578149539
SRR3088311,genebody,WT,0.2797827969717863
SRR3088311,sine,WT,0.30579385313077284
SRR3088311,line,WT,0.2559511471823931
SRR3088311,ltr,WT,0.2743151387524602
SRR3088311,bivalent_domain,WT,0.2455566431953952
SRR3088311,bivalent_promoter,WT,0.17765950154622737
SRR3088311,nonbivalent_promoter,WT,0.04810348084569526
SRR3088311,bivalent_promoter_bivslop1000,WT,0.17443818702267458
SRR3088311,nonbivalent_promoter_bivslop1000,WT,0.04749479350848267
SRR3088311,all,WT,0.1789343331959199
SRR3088311,intergenic,WT,0.3205003674889655
SRR3088313,cgi,WT,0.12889311275808643
SRR3088313,cpg_shore,WT,0.2979652954624796
SRR3088313,cpg_shelf,WT,0.3700660993758779
SRR3088313,promoter,WT,0.10100799261479734
SRR3088313,methylation_canyon,WT,0.13939292185245403
SRR3088313,exon,WT,0.31070230349274486
SRR3088313,genebody,WT,0.329958780165099
SRR3088313,sine,WT,0.37066209951235485
SRR3088313,line,WT,0.3195763697710609
SRR3088313,ltr,WT,0.3503616746687385
SRR3088313,bivalent_domain,WT,0.2509983522554116
SRR3088313,bivalent_promoter,WT,0.19211247046989044
SRR3088313,nonbivalent_promoter,WT,0.0577916885024192
SRR3088313,bivalent_promoter_bivslop1000,WT,0.18877243368224744
SRR3088313,nonbivalent_promoter_bivslop1000,WT,0.05728650473548963
SRR3088313,all,WT,0.20529205715630644
SRR3088313,intergenic,WT,0.39967872635904794
SRR3088316,cgi,WT,0.1525684090100564
SRR3088316,cpg_shore,WT,0.29425266355015545
SRR3088316,cpg_shelf,WT,0.352319185538275
SRR3088316,promoter,WT,0.12120303684483749
SRR3088316,methylation_canyon,WT,0.17823244842346084
SRR3088316,exon,WT,0.2955376984224803
SRR3088316,genebody,WT,0.3121479596100046
SRR3088316,sine,WT,0.3446982290648336
SRR3088316,line,WT,0.29720563947805784
SRR3088316,ltr,WT,0.32796402541939423
SRR3088316,bivalent_domain,WT,0.32332931860508285
SRR3088316,bivalent_promoter,WT,0.2519111291969131
SRR3088316,nonbivalent_promoter,WT,0.059491314409251074
SRR3088316,bivalent_promoter_bivslop1000,WT,0.24685778228299168
SRR3088316,nonbivalent_promoter_bivslop1000,WT,0.05850584975620537
SRR3088316,all,WT,0.2094308265750932
SRR3088316,intergenic,WT,0.37332942178311085
SRR3088318,cgi,WT,0.16022851788715464
SRR3088318,cpg_shore,WT,0.28028780457002794
SRR3088318,cpg_shelf,WT,0.322052050389823
SRR3088318,promoter,WT,0.129473862071286
SRR3088318,methylation_canyon,WT,0.18948322192733608
SRR3088318,exon,WT,0.2736849882727407
SRR3088318,genebody,WT,0.2846569400301699
SRR3088318,sine,WT,0.30530990519206425
SRR3088318,line,WT,0.27240916876377175
SRR3088318,ltr,WT,0.2937881368021318
SRR3088318,bivalent_domain,WT,0.3519401512266612
SRR3088318,bivalent_promoter,WT,0.27934505849468166
SRR3088318,nonbivalent_promoter,WT,0.058703765474984085
SRR3088318,bivalent_promoter_bivslop1000,WT,0.2732925316900504
SRR3088318,nonbivalent_promoter_bivslop1000,WT,0.05766062549824975
SRR3088318,all,WT,0.21248100462794764
SRR3088318,intergenic,WT,0.3321516492333187
SRR3088321,cgi,Other,0.17858775758300258
SRR3088321,cpg_shore,Other,0.2800983491161543
SRR3088321,cpg_shelf,Other,0.31144168819364504
SRR3088321,promoter,Other,0.1459721351456605
SRR3088321,methylation_canyon,Other,0.2187873826203279
SRR3088321,exon,Other,0.265424400239594
SRR3088321,genebody,Other,0.27497704536009226
SRR3088321,sine,Other,0.2918147201547639
SRR3088321,line,Other,0.2586453246445542
SRR3088321,ltr,Other,0.28085403145289745
SRR3088321,bivalent_domain,Other,0.40645844327779873
SRR3088321,bivalent_promoter,Other,0.3255232033051193
SRR3088321,nonbivalent_promoter,Other,0.061284719355053904
SRR3088321,bivalent_promoter_bivslop1000,Other,0.31838631882779705
SRR3088321,nonbivalent_promoter_bivslop1000,Other,0.05980219479102507
SRR3088321,all,Other,0.21843133972691037
SRR3088321,intergenic,Other,0.3180590118015751
SRR3088323,cgi,R882,0.10313796452494972
SRR3088323,cpg_shore,R882,0.26486071365482605
SRR3088323,cpg_shelf,R882,0.32623230023785393
SRR3088323,promoter,R882,0.08064564971377355
SRR3088323,methylation_canyon,R882,0.1007613187127731
SRR3088323,exon,R882,0.27517010379174206
SRR3088323,genebody,R882,0.2887968744928797
SRR3088323,sine,R882,0.3148182744818907
SRR3088323,line,R882,0.2772686154591814
SRR3088323,ltr,R882,0.3059442825736027
SRR3088323,bivalent_domain,R882,0.1843141929886922
SRR3088323,bivalent_promoter,R882,0.13905281129320746
SRR3088323,nonbivalent_promoter,R882,0.052939315650656314
SRR3088323,bivalent_promoter_bivslop1000,R882,0.13712590858665996
SRR3088323,nonbivalent_promoter_bivslop1000,R882,0.05259412277224843
SRR3088323,all,R882,0.18554699411959674
SRR3088323,intergenic,R882,0.34778101648198023
SRR3088327,cgi,R882,0.1260200753800053
SRR3088327,cpg_shore,R882,0.2735445421723274
SRR3088327,cpg_shelf,R882,0.33404896665125894
SRR3088327,promoter,R882,0.09925446235897004
SRR3088327,methylation_canyon,R882,0.1322420893941907
SRR3088327,exon,R882,0.2825752815962244
SRR3088327,genebody,R882,0.29701513047337524
SRR3088327,sine,R882,0.32799786529872466
SRR3088327,line,R882,0.2858254801341836
SRR3088327,ltr,R882,0.3226662541108652
SRR3088327,bivalent_domain,R882,0.24453568276600193
SRR3088327,bivalent_promoter,R882,0.18545704741303684
SRR3088327,nonbivalent_promoter,R882,0.05825058626849166
SRR3088327,bivalent_promoter_bivslop1000,R882,0.18219303835209757
SRR3088327,nonbivalent_promoter_bivslop1000,R882,0.057720260926680145
SRR3088327,all,R882,0.19901289384121887
SRR3088327,intergenic,R882,0.3608933855801574
SRR3088330,cgi,WT,0.20333806224494214
SRR3088330,cpg_shore,WT,0.2956959668051239
SRR3088330,cpg_shelf,WT,0.3221832890078647
SRR3088330,promoter,WT,0.16931751523044336
SRR3088330,methylation_canyon,WT,0.25600807962587385
SRR3088330,exon,WT,0.26565535615236896
SRR3088330,genebody,WT,0.2766416971413869
SRR3088330,sine,WT,0.27964432287556334
SRR3088330,line,WT,0.25335040802901365
SRR3088330,ltr,WT,0.2628212929918202
SRR3088330,bivalent_domain,WT,0.4746300820282223
SRR3088330,bivalent_promoter,WT,0.3847969519206923
SRR3088330,nonbivalent_promoter,WT,0.06811229366051585
SRR3088330,bivalent_promoter_bivslop1000,WT,0.37674456567337067
SRR3088330,nonbivalent_promoter_bivslop1000,WT,0.06562666443041076
SRR3088330,all,WT,0.23853230013055243
SRR3088330,intergenic,WT,0.3158020589602501
SRR3088333,cgi,WT,0.2014684376518231
SRR3088333,cpg_shore,WT,0.29196612342172346
SRR3088333,cpg_shelf,WT,0.31937102744688195
SRR3088333,promoter,WT,0.17019926835479113
SRR3088333,methylation_canyon,WT,0.2512470285113153
SRR3088333,exon,WT,0.26163011679017745
SRR3088333,genebody,WT,0.27218153078545543
SRR3088333,sine,WT,0.2739464476699942
SRR3088333,line,WT,0.2486848487127437
SRR3088333,ltr,WT,0.2564564763208471
SRR3088333,bivalent_domain,WT,0.46579256107917844
SRR3088333,bivalent_promoter,WT,0.38447679575776034
SRR3088333,nonbivalent_promoter,WT,0.06978908047365191
SRR3088333,bivalent_promoter_bivslop1000,WT,0.37641378267359554
SRR3088333,nonbivalent_promoter_bivslop1000,WT,0.0671329340373338
SRR3088333,all,WT,0.23457002495606796
SRR3088333,intergenic,WT,0.30638801172365676
SRR3088335,cgi,R882,0.1209023796638769
SRR3088335,cpg_shore,R882,0.3173867606010148
SRR3088335,cpg_shelf,R882,0.40054412705011505
SRR3088335,promoter,R882,0.09536853839111442
SRR3088335,methylation_canyon,R882,0.1126130240997772
SRR3088335,exon,R882,0.3424197619090423
SRR3088335,genebody,R882,0.3623348191410485
SRR3088335,sine,R882,0.4171766188521465
SRR3088335,line,R882,0.3538618427501832
SRR3088335,ltr,R882,0.39828499342294715
SRR3088335,bivalent_domain,R882,0.20983404353347518
SRR3088335,bivalent_promoter,R882,0.16029842226351235
SRR3088335,nonbivalent_promoter,R882,0.06453047677985908
SRR3088335,bivalent_promoter_bivslop1000,R882,0.15818599101660075
SRR3088335,nonbivalent_promoter_bivslop1000,R882,0.06413471581775228
SRR3088335,all,R882,0.21509163655923916
SRR3088335,intergenic,R882,0.43804399794093735
SRR3088338,cgi,R882,0.14799368409431204
SRR3088338,cpg_shore,R882,0.2991238157997591
SRR3088338,cpg_shelf,R882,0.34623170034804346
SRR3088338,promoter,R882,0.11722830948125386
SRR3088338,methylation_canyon,R882,0.15619155619983394
SRR3088338,exon,R882,0.2929101295053989
SRR3088338,genebody,R882,0.309414771010686
SRR3088338,sine,R882,0.33752581660412356
SRR3088338,line,R882,0.3042784768871977
SRR3088338,ltr,R882,0.3263891937995593
SRR3088338,bivalent_domain,R882,0.2919839416673703
SRR3088338,bivalent_promoter,R882,0.22385257184822316
SRR3088338,nonbivalent_promoter,R882,0.06685098764305214
SRR3088338,bivalent_promoter_bivslop1000,R882,0.2197739712261563
SRR3088338,nonbivalent_promoter_bivslop1000,R882,0.06610644328285696
SRR3088338,all,R882,0.21827255681069957
SRR3088338,intergenic,R882,0.373717208851525
SRR3088340,cgi,Other,0.10215619173683929
SRR3088340,cpg_shore,Other,0.2624491006216918
SRR3088340,cpg_shelf,Other,0.3442477027402203
SRR3088340,promoter,Other,0.07992923079477535
SRR3088340,methylation_canyon,Other,0.10733211270995935
SRR3088340,exon,Other,0.2910769239753313
SRR3088340,genebody,Other,0.30040364987388757
SRR3088340,sine,Other,0.3305427983088053
SRR3088340,line,Other,0.29203353763915063
SRR3088340,ltr,Other,0.31229872725486485
SRR3088340,bivalent_domain,Other,0.1917135935347428
SRR3088340,bivalent_promoter,Other,0.1470402566525812
SRR3088340,nonbivalent_promoter,Other,0.04803002145608683
SRR3088340,bivalent_promoter_bivslop1000,Other,0.14458679737905158
SRR3088340,nonbivalent_promoter_bivslop1000,Other,0.04770913185985474
SRR3088340,all,Other,0.18630726884106644
SRR3088340,intergenic,Other,0.3525659430049141
SRR3088343,cgi,R882,0.13152632835628952
SRR3088343,cpg_shore,R882,0.277111556177022
SRR3088343,cpg_shelf,R882,0.3436648103934906
SRR3088343,promoter,R882,0.10532473377951286
SRR3088343,methylation_canyon,R882,0.1505298354566359
SRR3088343,exon,R882,0.28584083735724414
SRR3088343,genebody,R882,0.2965467042233876
SRR3088343,sine,R882,0.31438725442438353
SRR3088343,line,R882,0.28014393885039357
SRR3088343,ltr,R882,0.2949753460894028
SRR3088343,bivalent_domain,R882,0.27055540922747906
SRR3088343,bivalent_promoter,R882,0.2108736882879062
SRR3088343,nonbivalent_promoter,R882,0.05537473261115631
SRR3088343,bivalent_promoter_bivslop1000,R882,0.2068102710650459
SRR3088343,nonbivalent_promoter_bivslop1000,R882,0.05471065207801756
SRR3088343,all,R882,0.19770104087421736
SRR3088343,intergenic,R882,0.3475462705662734
SRR3088349,cgi,R882,0.15916575443124545
SRR3088349,cpg_shore,R882,0.27343495728849865
SRR3088349,cpg_shelf,R882,0.31851780594293566
SRR3088349,promoter,R882,0.1310146183717571
SRR3088349,methylation_canyon,R882,0.18183393722879393
SRR3088349,exon,R882,0.2702273623367131
SRR3088349,genebody,R882,0.2810780068601861
SRR3088349,sine,R882,0.2999293791357465
SRR3088349,line,R882,0.2695501919637123
SRR3088349,ltr,R882,0.28775900454188313
SRR3088349,bivalent_domain,R882,0.3393649559225415
SRR3088349,bivalent_promoter,R882,0.2755478732077014
SRR3088349,nonbivalent_promoter,R882,0.06310522203547328
SRR3088349,bivalent_promoter_bivslop1000,R882,0.269744111696516
SRR3088349,nonbivalent_promoter_bivslop1000,R882,0.06173646478305612
SRR3088349,all,R882,0.1970589111186159
SRR3088349,intergenic,R882,0.3275145149573655
SRR3088353,cgi,R882,0.1795820029909852
SRR3088353,cpg_shore,R882,0.30605342913429073
SRR3088353,cpg_shelf,R882,0.3627288033208024
SRR3088353,promoter,R882,0.14848678708708532
SRR3088353,methylation_canyon,R882,0.20499558781151317
SRR3088353,exon,R882,0.30666996238612976
SRR3088353,genebody,R882,0.3197854078843831
SRR3088353,sine,R882,0.3407042143907134
SRR3088353,line,R882,0.308926252561143
SRR3088353,ltr,R882,0.3303103923330923
SRR3088353,bivalent_domain,R882,0.37832164627190684
SRR3088353,bivalent_promoter,R882,0.3082144239874642
SRR3088353,nonbivalent_promoter,R882,0.07348788721152377
SRR3088353,bivalent_promoter_bivslop1000,R882,0.30176020825174404
SRR3088353,nonbivalent_promoter_bivslop1000,R882,0.07196220368689099
SRR3088353,all,R882,0.2272770093478443
SRR3088353,intergenic,R882,0.37560546023501595
SRR3088356,cgi,WT,0.13379174183473175
SRR3088356,cpg_shore,WT,0.3251716623689013
SRR3088356,cpg_shelf,WT,0.416895599492641
SRR3088356,promoter,WT,0.1061377421787759
SRR3088356,methylation_canyon,WT,0.15625384820960872
SRR3088356,exon,WT,0.34539275062106595
SRR3088356,genebody,WT,0.35605063437514134
SRR3088356,sine,WT,0.3765146650289287
SRR3088356,line,WT,0.3436332493436419
SRR3088356,ltr,WT,0.3393213739237636
SRR3088356,bivalent_domain,WT,0.26088280987015555
SRR3088356,bivalent_promoter,WT,0.19623466472475115
SRR3088356,nonbivalent_promoter,WT,0.0634066515761087
SRR3088356,bivalent_promoter_bivslop1000,WT,0.1929775244116746
SRR3088356,nonbivalent_promoter_bivslop1000,WT,0.06285122937026318
SRR3088356,all,WT,0.223524653835777
SRR3088356,intergenic,WT,0.40585583060913333
SRR3088360,cgi,WT,0.19222470108740813
SRR3088360,cpg_shore,WT,0.302879407234972
SRR3088360,cpg_shelf,WT,0.3332581322718879
SRR3088360,promoter,WT,0.16010417572131186
SRR3088360,methylation_canyon,WT,0.2318826397405028
SRR3088360,exon,WT,0.2784453194265659
SRR3088360,genebody,WT,0.2954494145119647
SRR3088360,sine,WT,0.31451323845100326
SRR3088360,line,WT,0.2877990703562071
SRR3088360,ltr,WT,0.30120356571079343
SRR3088360,bivalent_domain,WT,0.4098837904814269
SRR3088360,bivalent_promoter,WT,0.33069053477093596
SRR3088360,nonbivalent_promoter,WT,0.07986321369757177
SRR3088360,bivalent_promoter_bivslop1000,WT,0.32408862781587167
SRR3088360,nonbivalent_promoter_bivslop1000,WT,0.07829743740293464
SRR3088360,all,WT,0.2375712711535098
SRR3088360,intergenic,WT,0.35007111018199527
SRR3088363,cgi,WT,0.1855443978401415
SRR3088363,cpg_shore,WT,0.3324332506308819
SRR3088363,cpg_shelf,WT,0.40219386868064116
SRR3088363,promoter,WT,0.15104826717580347
SRR3088363,methylation_canyon,WT,0.23527629081399762
SRR3088363,exon,WT,0.3346313331048887
SRR3088363,genebody,WT,0.3512804427417267
SRR3088363,sine,WT,0.380198315973825
SRR3088363,line,WT,0.34267912704882003
SRR3088363,ltr,WT,0.34604230777405104
SRR3088363,bivalent_domain,WT,0.4143214623684665
SRR3088363,bivalent_promoter,WT,0.32934841869900594
SRR3088363,nonbivalent_promoter,WT,0.0670146520195634
SRR3088363,bivalent_promoter_bivslop1000,WT,0.32259942415593784
SRR3088363,nonbivalent_promoter_bivslop1000,WT,0.06545411761852678
SRR3088363,all,WT,0.2657993818965195
SRR3088363,intergenic,WT,0.4015463386096088
SRR3088366,cgi,WT,0.19550350234922353
SRR3088366,cpg_shore,WT,0.3060302590464474
SRR3088366,cpg_shelf,WT,0.34783394542942936
SRR3088366,promoter,WT,0.16140659095572554
SRR3088366,methylation_canyon,WT,0.25512479537493804
SRR3088366,exon,WT,0.2859495015044254
SRR3088366,genebody,WT,0.3002640255628449
SRR3088366,sine,WT,0.3056297332487169
SRR3088366,line,WT,0.2831240267756414
SRR3088366,ltr,WT,0.2805393547726771
SRR3088366,bivalent_domain,WT,0.4476496923204923
SRR3088366,bivalent_promoter,WT,0.36078147120564813
SRR3088366,nonbivalent_promoter,WT,0.06781641620569476
SRR3088366,bivalent_promoter_bivslop1000,WT,0.353303814547441
SRR3088366,nonbivalent_promoter_bivslop1000,WT,0.06580876673540934
SRR3088366,all,WT,0.2446462478456885
SRR3088366,intergenic,WT,0.3453161664681246
SRR3088368,cgi,WT,0.1666370410838048
SRR3088368,cpg_shore,WT,0.2980815858433047
SRR3088368,cpg_shelf,WT,0.35852100345951887
SRR3088368,promoter,WT,0.13628504767213148
SRR3088368,methylation_canyon,WT,0.2122661108692818
SRR3088368,exon,WT,0.29442367074685716
SRR3088368,genebody,WT,0.30726782093813304
SRR3088368,sine,WT,0.3261224965822077
SRR3088368,line,WT,0.2984147555321794
SRR3088368,ltr,WT,0.299592436637884
SRR3088368,bivalent_domain,WT,0.3801783676418429
SRR3088368,bivalent_promoter,WT,0.29888237767112
SRR3088368,nonbivalent_promoter,WT,0.05977641330404672
SRR3088368,bivalent_promoter_bivslop1000,WT,0.2921281283690155
SRR3088368,nonbivalent_promoter_bivslop1000,WT,0.05862303707817818
SRR3088368,all,WT,0.23833198215404455
SRR3088368,intergenic,WT,0.3627896751707366
SRR3088371,cgi,WT,0.16654402439374763
SRR3088371,cpg_shore,WT,0.2924451508613937
SRR3088371,cpg_shelf,WT,0.3477781989945858
SRR3088371,promoter,WT,0.136784903969252
SRR3088371,methylation_canyon,WT,0.21163559912360885
SRR3088371,exon,WT,0.28551455496528444
SRR3088371,genebody,WT,0.29782169481053233
SRR3088371,sine,WT,0.31335422428122356
SRR3088371,line,WT,0.2817102795198222
SRR3088371,ltr,WT,0.2875532523482882
SRR3088371,bivalent_domain,WT,0.3829690338769361
SRR3088371,bivalent_promoter,WT,0.3019429452079655
SRR3088371,nonbivalent_promoter,WT,0.0590161466073504
SRR3088371,bivalent_promoter_bivslop1000,WT,0.29507727927720345
SRR3088371,nonbivalent_promoter_bivslop1000,WT,0.05787308012014714
SRR3088371,all,WT,0.22662630831059752
SRR3088371,intergenic,WT,0.3448754551333598
SRR3088375,cgi,WT,0.1644083257754038
SRR3088375,cpg_shore,WT,0.3170497478530174
SRR3088375,cpg_shelf,WT,0.38764680674288293
SRR3088375,promoter,WT,0.132615059958186
SRR3088375,methylation_canyon,WT,0.19575365745532783
SRR3088375,exon,WT,0.3229704154861822
SRR3088375,genebody,WT,0.335150663653745
SRR3088375,sine,WT,0.35344485816969456
SRR3088375,line,WT,0.3157517559536443
SRR3088375,ltr,WT,0.33091897952110094
SRR3088375,bivalent_domain,WT,0.3508965429307628
SRR3088375,bivalent_promoter,WT,0.2747434496520228
SRR3088375,nonbivalent_promoter,WT,0.06560739815669667
SRR3088375,bivalent_promoter_bivslop1000,WT,0.26913138757599375
SRR3088375,nonbivalent_promoter_bivslop1000,WT,0.06451277545504913
SRR3088375,all,WT,0.24049474110965421
SRR3088375,intergenic,WT,0.38752896914688856
SRR3088378,cgi,WT,0.17429555111637285
SRR3088378,cpg_shore,WT,0.31423854522345684
SRR3088378,cpg_shelf,WT,0.37682506172323565
SRR3088378,promoter,WT,0.14124434723272558
SRR3088378,methylation_canyon,WT,0.2118030031926891
SRR3088378,exon,WT,0.3156995728303405
SRR3088378,genebody,WT,0.3274385332337377
SRR3088378,sine,WT,0.339289139942707
SRR3088378,line,WT,0.30777003709454054
SRR3088378,ltr,WT,0.31743018727794126
SRR3088378,bivalent_domain,WT,0.38236122394285615
SRR3088378,bivalent_promoter,WT,0.3006482259790112
SRR3088378,nonbivalent_promoter,WT,0.06603432002119652
SRR3088378,bivalent_promoter_bivslop1000,WT,0.29429058941977226
SRR3088378,nonbivalent_promoter_bivslop1000,WT,0.06487368388693
SRR3088378,all,WT,0.2386386086753716
SRR3088378,intergenic,WT,0.373426701611054
SRR3088380,cgi,WT,0.19196207676565155
SRR3088380,cpg_shore,WT,0.3556144147189356
SRR3088380,cpg_shelf,WT,0.4230579379184338
SRR3088380,promoter,WT,0.1546756664219759
SRR3088380,methylation_canyon,WT,0.2096911653830266
SRR3088380,exon,WT,0.35555828572021847
SRR3088380,genebody,WT,0.3829989033397016
SRR3088380,sine,WT,0.4414861974119075
SRR3088380,line,WT,0.38272372197270293
SRR3088380,ltr,WT,0.4326021157011834
SRR3088380,bivalent_domain,WT,0.38968578259696807
SRR3088380,bivalent_promoter,WT,0.3058495135774204
SRR3088380,nonbivalent_promoter,WT,0.08342425354792572
SRR3088380,bivalent_promoter_bivslop1000,WT,0.3000289030522043
SRR3088380,nonbivalent_promoter_bivslop1000,WT,0.08215401330612819
SRR3088380,all,WT,0.26575378717807435
SRR3088380,intergenic,WT,0.4725156866322076
SRR3088383,cgi,WT,0.21864102196944404
SRR3088383,cpg_shore,WT,0.33945450187292014
SRR3088383,cpg_shelf,WT,0.3918929310228228
SRR3088383,promoter,WT,0.17988730338297404
SRR3088383,methylation_canyon,WT,0.25403743574844856
SRR3088383,exon,WT,0.3290684137290522
SRR3088383,genebody,WT,0.3537493434266231
SRR3088383,sine,WT,0.4097341035763826
SRR3088383,line,WT,0.3788046848168937
SRR3088383,ltr,WT,0.427185855171657
SRR3088383,bivalent_domain,WT,0.4689831164034901
SRR3088383,bivalent_promoter,WT,0.38055749228349234
SRR3088383,nonbivalent_promoter,WT,0.08597908409445719
SRR3088383,bivalent_promoter_bivslop1000,WT,0.37263249879792065
SRR3088383,nonbivalent_promoter_bivslop1000,WT,0.08378255447520004
SRR3088383,all,WT,0.27439100898330004
SRR3088383,intergenic,WT,0.4600976650182966
SRR3088385,cgi,WT,0.14738312359117572
SRR3088385,cpg_shore,WT,0.3512946515881639
SRR3088385,cpg_shelf,WT,0.4544464916590527
SRR3088385,promoter,WT,0.11795926550601311
SRR3088385,methylation_canyon,WT,0.16025772064924546
SRR3088385,exon,WT,0.38623328230940945
SRR3088385,genebody,WT,0.41052993478686206
SRR3088385,sine,WT,0.47997730644002295
SRR3088385,line,WT,0.41896303001336815
SRR3088385,ltr,WT,0.4573839846291308
SRR3088385,bivalent_domain,WT,0.27771289419751854
SRR3088385,bivalent_promoter,WT,0.21310703984504623
SRR3088385,nonbivalent_promoter,WT,0.07277138518405075
SRR3088385,bivalent_promoter_bivslop1000,WT,0.20980128883951674
SRR3088385,nonbivalent_promoter_bivslop1000,WT,0.07216675528346783
SRR3088385,all,WT,0.266270172062123
SRR3088385,intergenic,WT,0.4851423849515514
SRR3088388,cgi,WT,0.1752004905024214
SRR3088388,cpg_shore,WT,0.35060542339000395
SRR3088388,cpg_shelf,WT,0.4291760316790045
SRR3088388,promoter,WT,0.14514926795838912
SRR3088388,methylation_canyon,WT,0.2051398714902201
SRR3088388,exon,WT,0.36211988546928525
SRR3088388,genebody,WT,0.3846270879538649
SRR3088388,sine,WT,0.4441868243472787
SRR3088388,line,WT,0.37089162984623675
SRR3088388,ltr,WT,0.3954733970606938
SRR3088388,bivalent_domain,WT,0.34428722866621186
SRR3088388,bivalent_promoter,WT,0.2705145281382803
SRR3088388,nonbivalent_promoter,WT,0.08580589360519111
SRR3088388,bivalent_promoter_bivslop1000,WT,0.26580994808626335
SRR3088388,nonbivalent_promoter_bivslop1000,WT,0.08492307792789967
SRR3088388,all,WT,0.274060687877272
SRR3088388,intergenic,WT,0.4258542691192689
SRR3088390,cgi,R882,0.13697969742825084
SRR3088390,cpg_shore,R882,0.27537845778406195
SRR3088390,cpg_shelf,R882,0.3277040189691092
SRR3088390,promoter,R882,0.11078462210095906
SRR3088390,methylation_canyon,R882,0.15003708119466466
SRR3088390,exon,R882,0.2710976974788141
SRR3088390,genebody,R882,0.28588957463532033
SRR3088390,sine,R882,0.3147426763066822
SRR3088390,line,R882,0.27871060190992236
SRR3088390,ltr,R882,0.30652727263217167
SRR3088390,bivalent_domain,R882,0.26681237816982817
SRR3088390,bivalent_promoter,R882,0.20883327820536715
SRR3088390,nonbivalent_promoter,R882,0.06427619458887492
SRR3088390,bivalent_promoter_bivslop1000,R882,0.2051957313971678
SRR3088390,nonbivalent_promoter_bivslop1000,R882,0.06365182551418956
SRR3088390,all,R882,0.1971368215109789
SRR3088390,intergenic,R882,0.347667642154145
SRR3088394,cgi,R882,0.15280861311255645
SRR3088394,cpg_shore,R882,0.2842643479780561
SRR3088394,cpg_shelf,R882,0.3374594326401896
SRR3088394,promoter,R882,0.12443928153671618
SRR3088394,methylation_canyon,R882,0.1740892021905782
SRR3088394,exon,R882,0.2835963392997685
SRR3088394,genebody,R882,0.29801470016455117
SRR3088394,sine,R882,0.33162135641414775
SRR3088394,line,R882,0.29518190526358906
SRR3088394,ltr,R882,0.3241265405157063
SRR3088394,bivalent_domain,R882,0.31344986453446644
SRR3088394,bivalent_promoter,R882,0.24862829913355428
SRR3088394,nonbivalent_promoter,R882,0.06572644316455956
SRR3088394,bivalent_promoter_bivslop1000,R882,0.24378127491661444
SRR3088394,nonbivalent_promoter_bivslop1000,R882,0.06492748739532973
SRR3088394,all,R882,0.20962620640679847
SRR3088394,intergenic,R882,0.36061139250028057
SRR3088403,cgi,WT,0.15107326004713945
SRR3088403,cpg_shore,WT,0.3004485149562702
SRR3088403,cpg_shelf,WT,0.34308172585751673
SRR3088403,promoter,WT,0.1217784143362796
SRR3088403,methylation_canyon,WT,0.15418551135949535
SRR3088403,exon,WT,0.2843588179285612
SRR3088403,genebody,WT,0.30409315782076124
SRR3088403,sine,WT,0.332942703103053
SRR3088403,line,WT,0.3084027408415187
SRR3088403,ltr,WT,0.32372291279244486
SRR3088403,bivalent_domain,WT,0.27692739584759796
SRR3088403,bivalent_promoter,WT,0.21314380141559555
SRR3088403,nonbivalent_promoter,WT,0.07871627998154972
SRR3088403,bivalent_promoter_bivslop1000,WT,0.20960740298125188
SRR3088403,nonbivalent_promoter_bivslop1000,WT,0.07798881619187538
SRR3088403,all,WT,0.22164027528726976
SRR3088403,intergenic,WT,0.3745868694080884
SRR3088406,cgi,WT,0.17340302379599284
SRR3088406,cpg_shore,WT,0.3368779500310393
SRR3088406,cpg_shelf,WT,0.3932744600260516
SRR3088406,promoter,WT,0.14006235654051052
SRR3088406,methylation_canyon,WT,0.18388291110841182
SRR3088406,exon,WT,0.33191634932130576
SRR3088406,genebody,WT,0.3554006549627678
SRR3088406,sine,WT,0.4009017149746682
SRR3088406,line,WT,0.3581382260412069
SRR3088406,ltr,WT,0.3937513646037846
SRR3088406,bivalent_domain,WT,0.3302824408234534
SRR3088406,bivalent_promoter,WT,0.25703235553289244
SRR3088406,nonbivalent_promoter,WT,0.08495792279220087
SRR3088406,bivalent_promoter_bivslop1000,WT,0.25248190701645545
SRR3088406,nonbivalent_promoter_bivslop1000,WT,0.08397382101776338
SRR3088406,all,WT,0.25108168565580785
SRR3088406,intergenic,WT,0.4347871217026982
SRR3088410,cgi,WT,0.12376804475842747
SRR3088410,cpg_shore,WT,0.2924992643431787
SRR3088410,cpg_shelf,WT,0.36355249785793925
SRR3088410,promoter,WT,0.09730318047064188
SRR3088410,methylation_canyon,WT,0.13924226615294674
SRR3088410,exon,WT,0.3003104193311405
SRR3088410,genebody,WT,0.31050202851341885
SRR3088410,sine,WT,0.32693557965564135
SRR3088410,line,WT,0.28774734257114376
SRR3088410,ltr,WT,0.31079543325715786
SRR3088410,bivalent_domain,WT,0.244254056799305
SRR3088410,bivalent_promoter,WT,0.18560485239349353
SRR3088410,nonbivalent_promoter,WT,0.0553480030755548
SRR3088410,bivalent_promoter_bivslop1000,WT,0.1824259847901422
SRR3088410,nonbivalent_promoter_bivslop1000,WT,0.05489377497417564
SRR3088410,all,WT,0.20192337240228553
SRR3088410,intergenic,WT,0.35903175890916156
SRR3088413,cgi,WT,0.14356022251767495
SRR3088413,cpg_shore,WT,0.30598423611835296
SRR3088413,cpg_shelf,WT,0.3721434385703265
SRR3088413,promoter,WT,0.11389077091390408
SRR3088413,methylation_canyon,WT,0.17200716437396735
SRR3088413,exon,WT,0.3052567708500838
SRR3088413,genebody,WT,0.3176675941398474
SRR3088413,sine,WT,0.3342082328672747
SRR3088413,line,WT,0.2989976714652176
SRR3088413,ltr,WT,0.3076243825527285
SRR3088413,bivalent_domain,WT,0.30044638868622864
SRR3088413,bivalent_promoter,WT,0.22927974441472534
SRR3088413,nonbivalent_promoter,WT,0.05921840583402116
SRR3088413,bivalent_promoter_bivslop1000,WT,0.2249015589999446
SRR3088413,nonbivalent_promoter_bivslop1000,WT,0.058557779729277885
SRR3088413,all,WT,0.21268579307104854
SRR3088413,intergenic,WT,0.3642655070607435
SRR3088417,cgi,R882,0.1229182828890591
SRR3088417,cpg_shore,R882,0.2801091387034937
SRR3088417,cpg_shelf,R882,0.356300119445373
SRR3088417,promoter,R882,0.09919704435971226
SRR3088417,methylation_canyon,R882,0.14183008909530034
SRR3088417,exon,R882,0.29837461551507655
SRR3088417,genebody,R882,0.3068732201997479
SRR3088417,sine,R882,0.3189904995048427
SRR3088417,line,R882,0.29327432277979154
SRR3088417,ltr,R882,0.29473040047733906
SRR3088417,bivalent_domain,R882,0.2495107584157675
SRR3088417,bivalent_promoter,R882,0.19582735684165437
SRR3088417,nonbivalent_promoter,R882,0.05340823492744429
SRR3088417,bivalent_promoter_bivslop1000,R882,0.1919077378435736
SRR3088417,nonbivalent_promoter_bivslop1000,R882,0.053004488322809275
SRR3088417,all,R882,0.19116115054926144
SRR3088417,intergenic,R882,0.34846950771913443
SRR3088420,cgi,R882,0.13642690876057903
SRR3088420,cpg_shore,R882,0.27522024204320505
SRR3088420,cpg_shelf,R882,0.3388966609283301
SRR3088420,promoter,R882,0.11104705588273688
SRR3088420,methylation_canyon,R882,0.16607910809844567
SRR3088420,exon,R882,0.27929756184266313
SRR3088420,genebody,R882,0.2877212026462532
SRR3088420,sine,R882,0.2902354088232143
SRR3088420,line,R882,0.27303014986930757
SRR3088420,ltr,R882,0.26971527013407404
SRR3088420,bivalent_domain,R882,0.2916334305985613
SRR3088420,bivalent_promoter,R882,0.2297110986245659
SRR3088420,nonbivalent_promoter,R882,0.055023913564679526
SRR3088420,bivalent_promoter_bivslop1000,R882,0.22493137732299692
SRR3088420,nonbivalent_promoter_bivslop1000,R882,0.05432854822246412
SRR3088420,all,R882,0.19356222994948102
SRR3088420,intergenic,R882,0.3281599817279824
SRR3088422,cgi,R882,0.08761305193241517
SRR3088422,cpg_shore,R882,0.28431510104947944
SRR3088422,cpg_shelf,R882,0.3963371113524423
SRR3088422,promoter,R882,0.06846128843371765
SRR3088422,methylation_canyon,R882,0.0818411080774197
SRR3088422,exon,R882,0.3409327504639633
SRR3088422,genebody,R882,0.34041083438630343
SRR3088422,sine,R882,0.3592078749695648
SRR3088422,line,R882,0.3181924019467404
SRR3088422,ltr,R882,0.3139578967349196
SRR3088422,bivalent_domain,R882,0.14013130639177931
SRR3088422,bivalent_promoter,R882,0.10663726052797164
SRR3088422,nonbivalent_promoter,R882,0.050150509742543564
SRR3088422,bivalent_promoter_bivslop1000,R882,0.10543210121765102
SRR3088422,nonbivalent_promoter_bivslop1000,R882,0.0501301276768129
SRR3088422,all,R882,0.18606646381590858
SRR3088422,intergenic,R882,0.3794412262601074
SRR3088426,cgi,R882,0.08524288532152599
SRR3088426,cpg_shore,R882,0.2739925013905305
SRR3088426,cpg_shelf,R882,0.38874047907570697
SRR3088426,promoter,R882,0.06752955679471478
SRR3088426,methylation_canyon,R882,0.08238928556396669
SRR3088426,exon,R882,0.3326573459722917
SRR3088426,genebody,R882,0.33231534963108805
SRR3088426,sine,R882,0.34373168009155264
SRR3088426,line,R882,0.3162465586300323
SRR3088426,ltr,R882,0.30769778994326735
SRR3088426,bivalent_domain,R882,0.13397964189292272
SRR3088426,bivalent_promoter,R882,0.10302067898231501
SRR3088426,nonbivalent_promoter,R882,0.05045210608293172
SRR3088426,bivalent_promoter_bivslop1000,R882,0.10201767443229248
SRR3088426,nonbivalent_promoter_bivslop1000,R882,0.050465983500493354
SRR3088426,all,R882,0.1684910264259331
SRR3088426,intergenic,R882,0.37308295850252265
SRR3088433,cgi,WT,0.09282694272882185
SRR3088433,cpg_shore,WT,0.25558185390470584
SRR3088433,cpg_shelf,WT,0.3223147219044698
SRR3088433,promoter,WT,0.07176368409191156
SRR3088433,methylation_canyon,WT,0.09407791800609239
SRR3088433,exon,WT,0.26347452541909433
SRR3088433,genebody,WT,0.2796073137979942
SRR3088433,sine,WT,0.313671682892743
SRR3088433,line,WT,0.26495249974989665
SRR3088433,ltr,WT,0.29224707842771647
SRR3088433,bivalent_domain,WT,0.1674836198583536
SRR3088433,bivalent_promoter,WT,0.12366819532436694
SRR3088433,nonbivalent_promoter,WT,0.04695178226338517
SRR3088433,bivalent_promoter_bivslop1000,WT,0.12172431955331704
SRR3088433,nonbivalent_promoter_bivslop1000,WT,0.04679469243662628
SRR3088433,all,WT,0.16359915932163352
SRR3088433,intergenic,WT,0.33011179962774984
SRR3088436,cgi,WT,0.10941416823181546
SRR3088436,cpg_shore,WT,0.2569474471354518
SRR3088436,cpg_shelf,WT,0.3128844347968978
SRR3088436,promoter,WT,0.08520903296410608
SRR3088436,methylation_canyon,WT,0.12495529937480178
SRR3088436,exon,WT,0.2530092972059662
SRR3088436,genebody,WT,0.26941933720131606
SRR3088436,sine,WT,0.29668213025184476
SRR3088436,line,WT,0.2629741928687596
SRR3088436,ltr,WT,0.27678490286301916
SRR3088436,bivalent_domain,WT,0.21827976492573367
SRR3088436,bivalent_promoter,WT,0.16221750139399824
SRR3088436,nonbivalent_promoter,WT,0.04873955721741956
SRR3088436,bivalent_promoter_bivslop1000,WT,0.1592428449903921
SRR3088436,nonbivalent_promoter_bivslop1000,WT,0.04828087828963861
SRR3088436,all,WT,0.17542550508986823
SRR3088436,intergenic,WT,0.32121209174637433
SRR3088438,cgi,WT,0.10268015821055199
SRR3088438,cpg_shore,WT,0.25735952467017853
SRR3088438,cpg_shelf,WT,0.33037306404628486
SRR3088438,promoter,WT,0.08135270022067695
SRR3088438,methylation_canyon,WT,0.10252423218408062
SRR3088438,exon,WT,0.27987976252834884
SRR3088438,genebody,WT,0.2883603588747615
SRR3088438,sine,WT,0.3167288467670735
SRR3088438,line,WT,0.2689678697830088
SRR3088438,ltr,WT,0.29744688766629407
SRR3088438,bivalent_domain,WT,0.18806454155682245
SRR3088438,bivalent_promoter,WT,0.1465317454822091
SRR3088438,nonbivalent_promoter,WT,0.050453137600930245
SRR3088438,bivalent_promoter_bivslop1000,WT,0.14426048439497974
SRR3088438,nonbivalent_promoter_bivslop1000,WT,0.04996344844635392
SRR3088438,all,WT,0.16834090992127862
SRR3088438,intergenic,WT,0.3345363913496902
SRR3088441,cgi,WT,0.13140476588402636
SRR3088441,cpg_shore,WT,0.2811368905816005
SRR3088441,cpg_shelf,WT,0.3534314995748129
SRR3088441,promoter,WT,0.10477125123717948
SRR3088441,methylation_canyon,WT,0.152273664587591
SRR3088441,exon,WT,0.29362234776012314
SRR3088441,genebody,WT,0.30184331206030984
SRR3088441,sine,WT,0.3181414441128026
SRR3088441,line,WT,0.2877182996691945
SRR3088441,ltr,WT,0.29929459314757645
SRR3088441,bivalent_domain,WT,0.2746177915814851
SRR3088441,bivalent_promoter,WT,0.21475909544299987
SRR3088441,nonbivalent_promoter,WT,0.05283211558869536
SRR3088441,bivalent_promoter_bivslop1000,WT,0.21082397885611465
SRR3088441,nonbivalent_promoter_bivslop1000,WT,0.05181232958895053
SRR3088441,all,WT,0.2012473732482921
SRR3088441,intergenic,WT,0.35187340212126617
SRR3088443,cgi,INS,0.12564526838496046
SRR3088443,cpg_shore,INS,0.29188785872678913
SRR3088443,cpg_shelf,INS,0.3574253426583039
SRR3088443,promoter,INS,0.09849096822570219
SRR3088443,methylation_canyon,INS,0.13281341063592997
SRR3088443,exon,INS,0.30207646469998517
SRR3088443,genebody,INS,0.31875770638785733
SRR3088443,sine,INS,0.3611964731920751
SRR3088443,line,INS,0.30760980514554453
SRR3088443,ltr,INS,0.34128793321938444
SRR3088443,bivalent_domain,INS,0.2519290381951994
SRR3088443,bivalent_promoter,INS,0.19119885028511255
SRR3088443,nonbivalent_promoter,INS,0.054682805096870644
SRR3088443,bivalent_promoter_bivslop1000,INS,0.18763493276697046
SRR3088443,nonbivalent_promoter_bivslop1000,INS,0.05412576804516049
SRR3088443,all,INS,0.20456116947475364
SRR3088443,intergenic,INS,0.37727744323105067
SRR3088447,cgi,INS,0.15800494594938416
SRR3088447,cpg_shore,INS,0.29292598406392084
SRR3088447,cpg_shelf,INS,0.3444192737250819
SRR3088447,promoter,INS,0.12987311486560937
SRR3088447,methylation_canyon,INS,0.18536830779817381
SRR3088447,exon,INS,0.29177592187441226
SRR3088447,genebody,INS,0.3039466286623208
SRR3088447,sine,INS,0.3216800724825507
SRR3088447,line,INS,0.2930153005981619
SRR3088447,ltr,INS,0.30424170834213876
SRR3088447,bivalent_domain,INS,0.3343466356766918
SRR3088447,bivalent_promoter,INS,0.2647660558856388
SRR3088447,nonbivalent_promoter,INS,0.06623735792239671
SRR3088447,bivalent_promoter_bivslop1000,INS,0.2594263502693711
SRR3088447,nonbivalent_promoter_bivslop1000,INS,0.06524927318952312
SRR3088447,all,INS,0.2119942555329806
SRR3088447,intergenic,INS,0.35060248076128403
SRR3088563,cgi,INS,0.1450957951362692
SRR3088563,cpg_shore,INS,0.2719727561347429
SRR3088563,cpg_shelf,INS,0.3072500478944856
SRR3088563,promoter,INS,0.11787071085081481
SRR3088563,methylation_canyon,INS,0.15774617332049895
SRR3088563,exon,INS,0.25724322842882946
SRR3088563,genebody,INS,0.2729057950502517
SRR3088563,sine,INS,0.2933543751396488
SRR3088563,line,INS,0.2701121887747276
SRR3088563,ltr,INS,0.29584760561948975
SRR3088563,bivalent_domain,INS,0.2877822295600562
SRR3088563,bivalent_promoter,INS,0.22732628179741188
SRR3088563,nonbivalent_promoter,INS,0.0663407383409951
SRR3088563,bivalent_promoter_bivslop1000,INS,0.22330272147210595
SRR3088563,nonbivalent_promoter_bivslop1000,INS,0.06534523615821772
SRR3088563,all,INS,0.2054213986140908
SRR3088563,intergenic,INS,0.33248712546060427
SRR3088567,cgi,INS,0.23244258555816832
SRR3088567,cpg_shore,INS,0.3614811679146239
SRR3088567,cpg_shelf,INS,0.39490831125392656
SRR3088567,promoter,INS,0.19578651000557568
SRR3088567,methylation_canyon,INS,0.26238515496154113
SRR3088567,exon,INS,0.3349834168880865
SRR3088567,genebody,INS,0.35634948288904333
SRR3088567,sine,INS,0.3820918206357687
SRR3088567,line,INS,0.3504251020636458
SRR3088567,ltr,INS,0.37614651602574134
SRR3088567,bivalent_domain,INS,0.47100702230656455
SRR3088567,bivalent_promoter,INS,0.3897281070344945
SRR3088567,nonbivalent_promoter,INS,0.10488742236956379
SRR3088567,bivalent_promoter_bivslop1000,INS,0.3830399786376406
SRR3088567,nonbivalent_promoter_bivslop1000,INS,0.10249177275537513
SRR3088567,all,INS,0.2938277973936076
SRR3088567,intergenic,INS,0.4264276070325181
SRR3088572,cgi,WT,0.12186124252292126
SRR3088572,cpg_shore,WT,0.27710120561790424
SRR3088572,cpg_shelf,WT,0.35496201474673217
SRR3088572,promoter,WT,0.09582457412565164
SRR3088572,methylation_canyon,WT,0.14769425381509851
SRR3088572,exon,WT,0.2924407783318282
SRR3088572,genebody,WT,0.3022784112433532
SRR3088572,sine,WT,0.3323444489903008
SRR3088572,line,WT,0.2898213034163454
SRR3088572,ltr,WT,0.3005500757968466
SRR3088572,bivalent_domain,WT,0.25230241743372467
SRR3088572,bivalent_promoter,WT,0.1885093898432305
SRR3088572,nonbivalent_promoter,WT,0.05183697042556518
SRR3088572,bivalent_promoter_bivslop1000,WT,0.18474668362648383
SRR3088572,nonbivalent_promoter_bivslop1000,WT,0.05150854453087487
SRR3088572,all,WT,0.19523420521731255
SRR3088572,intergenic,WT,0.3540842007825818
SRR3088575,cgi,WT,0.1375490396828637
SRR3088575,cpg_shore,WT,0.3152641828223785
SRR3088575,cpg_shelf,WT,0.40796526324165644
SRR3088575,promoter,WT,0.10686482144026713
SRR3088575,methylation_canyon,WT,0.16797162592394274
SRR3088575,exon,WT,0.33491750133995346
SRR3088575,genebody,WT,0.3474593489727128
SRR3088575,sine,WT,0.3813653518849362
SRR3088575,line,WT,0.3380541564160315
SRR3088575,ltr,WT,0.34362046878144953
SRR3088575,bivalent_domain,WT,0.2869978754881575
SRR3088575,bivalent_promoter,WT,0.2118609694974327
SRR3088575,nonbivalent_promoter,WT,0.05697900243768037
SRR3088575,bivalent_promoter_bivslop1000,WT,0.20774752369511726
SRR3088575,nonbivalent_promoter_bivslop1000,WT,0.056567675064993404
SRR3088575,all,WT,0.22943793788427924
SRR3088575,intergenic,WT,0.40698614393636184
SRR3088583,cgi,WT,0.13236770329770345
SRR3088583,cpg_shore,WT,0.3235688438939497
SRR3088583,cpg_shelf,WT,0.4173152295884791
SRR3088583,promoter,WT,0.10345590030347512
SRR3088583,methylation_canyon,WT,0.1530918787790959
SRR3088583,exon,WT,0.34602765328791796
SRR3088583,genebody,WT,0.3594403653402441
SRR3088583,sine,WT,0.3951583949463953
SRR3088583,line,WT,0.35026170326425626
SRR3088583,ltr,WT,0.3651270603838973
SRR3088583,bivalent_domain,WT,0.26650852747018045
SRR3088583,bivalent_promoter,WT,0.19942952535113662
SRR3088583,nonbivalent_promoter,WT,0.057885759578532495
SRR3088583,bivalent_promoter_bivslop1000,WT,0.1957164223932415
SRR3088583,nonbivalent_promoter_bivslop1000,WT,0.0574586044173006
SRR3088583,all,WT,0.23419364182045413
SRR3088583,intergenic,WT,0.4139242430846289
SRR3088587,cgi,WT,0.13046945790060907
SRR3088587,cpg_shore,WT,0.267553517945985
SRR3088587,cpg_shelf,WT,0.3284523751363129
SRR3088587,promoter,WT,0.10496292494838662
SRR3088587,methylation_canyon,WT,0.15735014119140522
SRR3088587,exon,WT,0.2678144523350871
SRR3088587,genebody,WT,0.27885512132525986
SRR3088587,sine,WT,0.29486200899770526
SRR3088587,line,WT,0.27305703288412597
SRR3088587,ltr,WT,0.27179591401383507
SRR3088587,bivalent_domain,WT,0.2755262701945844
SRR3088587,bivalent_promoter,WT,0.21242965980848624
SRR3088587,nonbivalent_promoter,WT,0.05413706619108791
SRR3088587,bivalent_promoter_bivslop1000,WT,0.20805105468068616
SRR3088587,nonbivalent_promoter_bivslop1000,WT,0.053516966926906884
SRR3088587,all,WT,0.18636446854012526
SRR3088587,intergenic,WT,0.3217942893727326
SRR3088592,cgi,NBM,0.08962291779889722
SRR3088592,cpg_shore,NBM,0.2636387688555128
SRR3088592,cpg_shelf,NBM,0.3198414265205558
SRR3088592,promoter,NBM,0.07078215236941711
SRR3088592,methylation_canyon,NBM,0.0782330014308455
SRR3088592,exon,NBM,0.26622080864325137
SRR3088592,genebody,NBM,0.2800085524275618
SRR3088592,sine,NBM,0.29833438666759
SRR3088592,line,NBM,0.27665458243736213
SRR3088592,ltr,NBM,0.30601338437210396
SRR3088592,bivalent_domain,NBM,0.13596226072000075
SRR3088592,bivalent_promoter,NBM,0.10389121267573506
SRR3088592,nonbivalent_promoter,NBM,0.05493887653298856
SRR3088592,bivalent_promoter_bivslop1000,NBM,0.10306249742989235
SRR3088592,nonbivalent_promoter_bivslop1000,NBM,0.05476742324945477
SRR3088592,all,NBM,0.16849301268945993
SRR3088592,intergenic,NBM,0.3590397043208986
SRR3088593,cgi,NBM,0.08504793032233061
SRR3088593,cpg_shore,NBM,0.2565111929746226
SRR3088593,cpg_shelf,NBM,0.31059436950187497
SRR3088593,promoter,NBM,0.06698924822345612
SRR3088593,methylation_canyon,NBM,0.0743605616659127
SRR3088593,exon,NBM,0.25670552507179284
SRR3088593,genebody,NBM,0.27006032651475925
SRR3088593,sine,NBM,0.29161894344443035
SRR3088593,line,NBM,0.26646005796240185
SRR3088593,ltr,NBM,0.29461558040454106
SRR3088593,bivalent_domain,NBM,0.1284275952546046
SRR3088593,bivalent_promoter,NBM,0.09798023739682253
SRR3088593,nonbivalent_promoter,NBM,0.05211854166939393
SRR3088593,bivalent_promoter_bivslop1000,NBM,0.09739651331767762
SRR3088593,nonbivalent_promoter_bivslop1000,NBM,0.05191779767488847
SRR3088593,all,NBM,0.15015450995292956
SRR3088593,intergenic,NBM,0.34455710955092417
SRR3088594,cgi,NBM,0.0849333101422412
SRR3088594,cpg_shore,NBM,0.26412198218792543
SRR3088594,cpg_shelf,NBM,0.3289246212552527
SRR3088594,promoter,NBM,0.06587341071345106
SRR3088594,methylation_canyon,NBM,0.07438613401899234
SRR3088594,exon,NBM,0.27031893951363184
SRR3088594,genebody,NBM,0.28409806910346147
SRR3088594,sine,NBM,0.3060964921055724
SRR3088594,line,NBM,0.27482058119844727
SRR3088594,ltr,NBM,0.2962066628655082
SRR3088594,bivalent_domain,NBM,0.13253387508462236
SRR3088594,bivalent_promoter,NBM,0.09871500786095697
SRR3088594,nonbivalent_promoter,NBM,0.050075677523950174
SRR3088594,bivalent_promoter_bivslop1000,NBM,0.0978552659694346
SRR3088594,nonbivalent_promoter_bivslop1000,NBM,0.05000844002781834
SRR3088594,all,NBM,0.16175372113086348
SRR3088594,intergenic,NBM,0.354086621085453
SRR3088595,cgi,NBM,0.08963881738701661
SRR3088595,cpg_shore,NBM,0.26505018790155244
SRR3088595,cpg_shelf,NBM,0.3206237890698339
SRR3088595,promoter,NBM,0.06973242560898242
SRR3088595,methylation_canyon,NBM,0.07955357100985695
SRR3088595,exon,NBM,0.26393407112415007
SRR3088595,genebody,NBM,0.2778007404310429
SRR3088595,sine,NBM,0.2952258993865632
SRR3088595,line,NBM,0.2746166684301361
SRR3088595,ltr,NBM,0.2944954004651656
SRR3088595,bivalent_domain,NBM,0.142077285516019
SRR3088595,bivalent_promoter,NBM,0.10591873098652296
SRR3088595,nonbivalent_promoter,NBM,0.05239722996263233
SRR3088595,bivalent_promoter_bivslop1000,NBM,0.10504052067140811
SRR3088595,nonbivalent_promoter_bivslop1000,NBM,0.052202973811610855
SRR3088595,all,NBM,0.1664191687128677
SRR3088595,intergenic,NBM,0.3509534653816779
SRR3088596,cgi,NBM,0.09194635846059414
SRR3088596,cpg_shore,NBM,0.2682472924160356
SRR3088596,cpg_shelf,NBM,0.3236200204676139
SRR3088596,promoter,NBM,0.07229127972315215
SRR3088596,methylation_canyon,NBM,0.08137297983181947
SRR3088596,exon,NBM,0.26635065001074654
SRR3088596,genebody,NBM,0.2803394304922745
SRR3088596,sine,NBM,0.2983716325766216
SRR3088596,line,NBM,0.2796853088020842
SRR3088596,ltr,NBM,0.2927116086418254
SRR3088596,bivalent_domain,NBM,0.14327860514455554
SRR3088596,bivalent_promoter,NBM,0.10928451575075582
SRR3088596,nonbivalent_promoter,NBM,0.05460188474397708
SRR3088596,bivalent_promoter_bivslop1000,NBM,0.10826076156129837
SRR3088596,nonbivalent_promoter_bivslop1000,NBM,0.05441027714695837
SRR3088596,all,NBM,0.16754463622625676
SRR3088596,intergenic,NBM,0.35979089419986354
SRR3088597,cgi,NBM,0.08668919171286052
SRR3088597,cpg_shore,NBM,0.26698688021394196
SRR3088597,cpg_shelf,NBM,0.3335511601328592
SRR3088597,promoter,NBM,0.0674192673803829
SRR3088597,methylation_canyon,NBM,0.07640030151406448
SRR3088597,exon,NBM,0.27398431587108113
SRR3088597,genebody,NBM,0.2872588083769162
SRR3088597,sine,NBM,0.309341026802097
SRR3088597,line,NBM,0.28355898785874956
SRR3088597,ltr,NBM,0.29520346291898414
SRR3088597,bivalent_domain,NBM,0.1345850187611494
SRR3088597,bivalent_promoter,NBM,0.10132921585400058
SRR3088597,nonbivalent_promoter,NBM,0.051163737609432505
SRR3088597,bivalent_promoter_bivslop1000,NBM,0.10045398620449986
SRR3088597,nonbivalent_promoter_bivslop1000,NBM,0.051011573650173454
SRR3088597,all,NBM,0.17526267513560373
SRR3088597,intergenic,NBM,0.35347631069748553
SRR3088598,cgi,NBM,0.080454022503322
SRR3088598,cpg_shore,NBM,0.23981094947894824
SRR3088598,cpg_shelf,NBM,0.29754539043466505
SRR3088598,promoter,NBM,0.06219451109541581
SRR3088598,methylation_canyon,NBM,0.07284279730835931
SRR3088598,exon,NBM,0.24213368174297067
SRR3088598,genebody,NBM,0.2546214954194598
SRR3088598,sine,NBM,0.2742730399719614
SRR3088598,line,NBM,0.2472250603585299
SRR3088598,ltr,NBM,0.2662342128907758
SRR3088598,bivalent_domain,NBM,0.127470684059464
SRR3088598,bivalent_promoter,NBM,0.09537423873092714
SRR3088598,nonbivalent_promoter,NBM,0.04632676215253579
SRR3088598,bivalent_promoter_bivslop1000,NBM,0.09437324141171739
SRR3088598,nonbivalent_promoter_bivslop1000,NBM,0.04617098392511729
SRR3088598,all,NBM,0.15566696924128579
SRR3088598,intergenic,NBM,0.3152648967319542
SRR3088599,cgi,NBM,0.09220463833221634
SRR3088599,cpg_shore,NBM,0.2668386467768451
SRR3088599,cpg_shelf,NBM,0.32624085060182134
SRR3088599,promoter,NBM,0.07179493918199203
SRR3088599,methylation_canyon,NBM,0.0840810442281393
SRR3088599,exon,NBM,0.26872893437017575
SRR3088599,genebody,NBM,0.28437666891685215
SRR3088599,sine,NBM,0.30773618467613345
SRR3088599,line,NBM,0.2832493442068424
SRR3088599,ltr,NBM,0.2906567008959755
SRR3088599,bivalent_domain,NBM,0.1493158684660978
SRR3088599,bivalent_promoter,NBM,0.11247176160206321
SRR3088599,nonbivalent_promoter,NBM,0.05238104170624768
SRR3088599,bivalent_promoter_bivslop1000,NBM,0.11131040828045419
SRR3088599,nonbivalent_promoter_bivslop1000,NBM,0.052188431503143964
SRR3088599,all,NBM,0.16920624143876725
SRR3088599,intergenic,NBM,0.355739724685566
SRR3088600,cgi,NBM,0.17634235369350085
SRR3088600,cpg_shore,NBM,0.3319729479118372
SRR3088600,cpg_shelf,NBM,0.40319409499470027
SRR3088600,promoter,NBM,0.14376439824018897
SRR3088600,methylation_canyon,NBM,0.20694685631678245
SRR3088600,exon,NBM,0.3305832566449323
SRR3088600,genebody,NBM,0.34757091798873657
SRR3088600,sine,NBM,0.37442566192617427
SRR3088600,line,NBM,0.3407490392507874
SRR3088600,ltr,NBM,0.35516239481934053
SRR3088600,bivalent_domain,NBM,0.35109235615637463
SRR3088600,bivalent_promoter,NBM,0.2853411778649557
SRR3088600,nonbivalent_promoter,NBM,0.07711029465639059
SRR3088600,bivalent_promoter_bivslop1000,NBM,0.2804633192816039
SRR3088600,nonbivalent_promoter_bivslop1000,NBM,0.0754889556049356
SRR3088600,all,NBM,0.2558798638537697
SRR3088600,intergenic,NBM,0.426024469057092
SRR3088601,cgi,NBM,0.09336480529733283
SRR3088601,cpg_shore,NBM,0.30756840522047973
SRR3088601,cpg_shelf,NBM,0.4104296773224979
SRR3088601,promoter,NBM,0.07336727257767102
SRR3088601,methylation_canyon,NBM,0.07862632287617678
SRR3088601,exon,NBM,0.3515474853692159
SRR3088601,genebody,NBM,0.3704065135585066
SRR3088601,sine,NBM,0.43491249526213704
SRR3088601,line,NBM,0.3581902099002622
SRR3088601,ltr,NBM,0.409129140970938
SRR3088601,bivalent_domain,NBM,0.13675289547291886
SRR3088601,bivalent_promoter,NBM,0.10406689307845929
SRR3088601,nonbivalent_promoter,NBM,0.05853747181058327
SRR3088601,bivalent_promoter_bivslop1000,NBM,0.1033640657750443
SRR3088601,nonbivalent_promoter_bivslop1000,NBM,0.05849411427065136
SRR3088601,all,NBM,0.19924026746019907
SRR3088601,intergenic,NBM,0.4473918722632371
SRR3088602,cgi,NBM,0.10404005725751916
SRR3088602,cpg_shore,NBM,0.2786476405862475
SRR3088602,cpg_shelf,NBM,0.33926485005812707
SRR3088602,promoter,NBM,0.08112403807173708
SRR3088602,methylation_canyon,NBM,0.10163780429275754
SRR3088602,exon,NBM,0.2801336847849989
SRR3088602,genebody,NBM,0.2957591848111783
SRR3088602,sine,NBM,0.32157590591356583
SRR3088602,line,NBM,0.2886959421690692
SRR3088602,ltr,NBM,0.3038000109469879
SRR3088602,bivalent_domain,NBM,0.17935263522681386
SRR3088602,bivalent_promoter,NBM,0.1363115619684873
SRR3088602,nonbivalent_promoter,NBM,0.054870607394248865
SRR3088602,bivalent_promoter_bivslop1000,NBM,0.1346166306092001
SRR3088602,nonbivalent_promoter_bivslop1000,NBM,0.05449116817152543
SRR3088602,all,NBM,0.1784465161098885
SRR3088602,intergenic,NBM,0.37286572332641665
SRR3088603,cgi,NBM,0.10591542892851372
SRR3088603,cpg_shore,NBM,0.30640530582390146
SRR3088603,cpg_shelf,NBM,0.4007943410687557
SRR3088603,promoter,NBM,0.08288220979118816
SRR3088603,methylation_canyon,NBM,0.09870456654790231
SRR3088603,exon,NBM,0.3342513976710141
SRR3088603,genebody,NBM,0.3494319086586898
SRR3088603,sine,NBM,0.3845903618379703
SRR3088603,line,NBM,0.3330907684936975
SRR3088603,ltr,NBM,0.35714888031926856
SRR3088603,bivalent_domain,NBM,0.172671827115408
SRR3088603,bivalent_promoter,NBM,0.13093598025549377
SRR3088603,nonbivalent_promoter,NBM,0.059965232813614724
SRR3088603,bivalent_promoter_bivslop1000,NBM,0.1296274866768461
SRR3088603,nonbivalent_promoter_bivslop1000,NBM,0.059667449963935186
SRR3088603,all,NBM,0.20261627257748602
SRR3088603,intergenic,NBM,0.4277355411261983
SRR3088604,cgi,NBM,0.09546031497088425
SRR3088604,cpg_shore,NBM,0.28439955100014847
SRR3088604,cpg_shelf,NBM,0.3593450306080079
SRR3088604,promoter,NBM,0.07467892757463196
SRR3088604,methylation_canyon,NBM,0.08665789965537031
SRR3088604,exon,NBM,0.2999648250653083
SRR3088604,genebody,NBM,0.3135852466165717
SRR3088604,sine,NBM,0.3396991536565151
SRR3088604,line,NBM,0.30813420327139873
SRR3088604,ltr,NBM,0.32639540730310596
SRR3088604,bivalent_domain,NBM,0.15127468598846358
SRR3088604,bivalent_promoter,NBM,0.11543345407243819
SRR3088604,nonbivalent_promoter,NBM,0.05518152326956615
SRR3088604,bivalent_promoter_bivslop1000,NBM,0.1143436798168418
SRR3088604,nonbivalent_promoter_bivslop1000,NBM,0.05498829753558806
SRR3088604,all,NBM,0.19079855418876895
SRR3088604,intergenic,NBM,0.3829597034953647
SRR3088605,cgi,NBM,0.08959084038691008
SRR3088605,cpg_shore,NBM,0.2751974561902896
SRR3088605,cpg_shelf,NBM,0.3479522864613858
SRR3088605,promoter,NBM,0.06917721873229807
SRR3088605,methylation_canyon,NBM,0.07888741347459152
SRR3088605,exon,NBM,0.28638917222881205
SRR3088605,genebody,NBM,0.30471538502232365
SRR3088605,sine,NBM,0.34235194380697526
SRR3088605,line,NBM,0.3006692191946927
SRR3088605,ltr,NBM,0.3181629871483672
SRR3088605,bivalent_domain,NBM,0.14235152517899288
SRR3088605,bivalent_promoter,NBM,0.1062748268333008
SRR3088605,nonbivalent_promoter,NBM,0.05139925276828742
SRR3088605,bivalent_promoter_bivslop1000,NBM,0.10525262399945147
SRR3088605,nonbivalent_promoter_bivslop1000,NBM,0.051263938739372364
SRR3088605,all,NBM,0.18112502623406673
SRR3088605,intergenic,NBM,0.3817541265912684
