chrom,start,end,q_value,mean_difference,num_CpGs,p_mwu,p_2d_ks,mean_g1,mean_g2
chr1,3067116,3067547,1.412e-12,-0.231228,18,4.0745e-14,2.1077e-15,0.3,0.53123
chr1,3183335,3183406,0.0015899,-0.234482,5,1.6643e-09,2.1316e-05,0.53372,0.76821
chr1,3215405,3215855,7.5364e-06,-0.234709,9,4.7673e-13,4.9093e-08,0.47707,0.71178
chr1,3247844,3248223,9.5767e-07,0.286012,6,9.0654e-11,4.9379e-09,0.68126,0.39525
chr1,3070964,3071255,2.6316999999999999e-82,-0.201766,28,5.6843e-14,2.6185999999999998e-52,0.03145,0.23322
chr1,3431389,3431541,2.3361e-06,0.204125,9,1.7542e-13,1.3278e-08,0.78462,0.5805
chr1,5994734,5994888,0.072142,0.200341,4,2.0066e-05,0.0019514,0.55381,0.35347
chr1,6509689,6510268,9.4444e-07,-0.211719,7,3.2291e-12,4.8568e-09,0.24481,0.45653
chr1,6512444,6512777,5.2207e-05,-0.302017,6,3.2296e-13,4.3321e-07,0.24118,0.5432
chr1,6735506,6735565,2.9164e-05,-0.255077,6,2.1118e-10,2.2456e-07,0.46407,0.71914
chr1,7069966,7070018,0.00016814,-0.213554,6,9.1435e-10,1.6179e-06,0.44627,0.65982
chr1,16124021,16124084,4.5718e-05,-0.24651,5,1.579e-07,3.7268e-07,0.23728,0.48379
chr1,16647441,16648089,1.2446e-15,-0.204884,16,4.0523e-14,1.1447e-18,0.31864,0.52352
chr1,17118832,17118855,0.011414,-0.210727,4,2.4503e-07,0.00021531,0.27293,0.48366
chr1,19645338,19645758,8.6342e-21,-0.283617,19,4.1966e-14,3.8588000000000005e-24,0.32396,0.60757
chr1,21436737,21436826,0.0055725,-0.204021,5,2.7917e-07,9.2193e-05,0.25085,0.45488
chr1,21345174,21345186,7.206e-06,0.239815,4,7.3274e-12,4.6693e-08,0.42173,0.18191
chr1,21509784,21509832,0.00040102,-0.215984,6,5.3131e-10,4.3985e-06,0.25993,0.47592
chr1,21619300,21619356,0.0014782,-0.209124,4,1.536e-07,1.9611e-05,0.32437,0.5335
chr1,25056772,25056946,0.0061461,-0.258187,4,2.7118e-06,0.00010326,0.46147,0.71965
chr1,26156174,26156268,0.00016552,-0.226567,4,1.2494e-06,1.5908e-06,0.4364,0.66297
chr1,26225115,26225182,1.6284e-07,-0.307609,4,9.0816e-14,6.906e-10,0.16053,0.46814
chr1,31588830,31589154,1.0409999999999999e-22,-0.387607,11,4.8961e-14,3.5576e-26,0.22113,0.60874
chr1,33307363,33307395,0.0025281,-0.215144,4,7.1031e-08,3.6473e-05,0.46983,0.68497
chr1,39082114,39082169,2.7966e-05,-0.253158,4,1.8277e-11,2.1405e-07,0.29135,0.54451
chr1,40884122,40884612,5.7821e-17,-0.242027,28,3.9857e-14,4.5755e-20,0.26834,0.51037
chr1,44661979,44662316,0.0021881,-0.218356,4,8.3904e-06,3.0801e-05,0.41772,0.63608
chr1,47725988,47726048,0.000778,-0.201661,4,9.6336e-09,9.4061e-06,0.16541,0.36707
chr1,53063110,53063318,5.0037e-08,-0.219942,8,4.4298e-14,1.8662e-10,0.2603,0.48024
chr1,95233522,95233756,5.5894e-05,-0.253447,5,4.3013e-12,4.6718e-07,0.18745,0.4409
chr1,94927813,94927872,0.0031162,-0.206331,4,5.5385e-06,4.6681e-05,0.3946,0.60093
chr1,118986765,118986772,0.0027303,-0.252923,4,1.2682e-09,3.995e-05,0.36105,0.61397
chr1,121009186,121009526,0.0024252,-0.208681,8,1.4423e-10,3.4788e-05,0.33945,0.54813
chr1,121052240,121052340,1.6783e-18,-0.325966,11,3.6637e-14,1.0114999999999999e-21,0.27483,0.60079
chr1,146019177,146019559,0.00011511,-0.242514,7,1.0336e-11,1.0519e-06,0.41846,0.66098
chr1,147072619,147072724,1.3159e-09,-0.228898,8,4.5408e-14,3.3593e-12,0.19812,0.42702
chr1,150925697,150925772,1.3496e-05,-0.248196,5,1.8096e-09,9.4973e-08,0.2354,0.4836
chr1,150549718,150549797,5.0132e-05,-0.232248,6,6.1227e-10,4.1361e-07,0.4087,0.64095
chr1,155126174,155126401,6.2188e-12,-0.269386,13,4.5408e-14,1.0185e-14,0.45032,0.7197
chr1,156642642,156642713,0.0075558,-0.210094,4,5.1772e-06,0.00013204,0.35316,0.56325
chr1,159900193,159900219,0.0039538,-0.22388,4,2.4094e-07,6.1651e-05,0.36332,0.58719
chr1,167121303,167121560,4.7978e-10,-0.213501,17,4.3854e-14,1.1082e-12,0.064457,0.27796
chr1,167439780,167439862,0.00040626,-0.208462,6,9.5979e-10,4.4673e-06,0.23145,0.43991
chr1,169460406,169460483,6.8851e-13,-0.265055,9,4.1078e-14,9.7754e-16,0.14617,0.41122
chr1,202214149,202214188,4.938e-08,-0.231536,5,4.4298e-14,1.8371e-10,0.15005,0.38158
chr1,201649668,201650618,2.7454e-105,-0.315833,43,0.0,1.8686000000000001e-56,0.24586,0.5617
chr1,206118178,206118240,3.5695e-05,-0.248992,4,2.8693e-09,2.8263e-07,0.35532,0.60431
chr1,207072310,207072393,5.1303e-05,-0.245016,4,2.5516e-11,4.2469e-07,0.052149,0.29716
chr1,211470231,211470298,0.0012993,-0.25244,4,6.8378e-07,1.6948e-05,0.46621,0.71865
chr1,211479320,211479370,2.0729e-05,-0.248001,4,0.00048043,1.5391e-07,0.44789,0.6959
chr1,213905501,213905567,0.0023789,-0.200349,4,2.123e-05,3.4027e-05,0.45584,0.65618
chr1,217133923,217134042,0.00059969,-0.200179,4,1.9764e-08,7.0013e-06,0.17106,0.37124
chr1,220887507,220887582,0.0001712,-0.213726,8,2.9033e-12,1.6511e-06,0.2911,0.50483
chr1,225677565,225677585,2.0347e-06,-0.279393,4,7.7377e-10,1.1369e-08,0.3387,0.6181
chr1,227891402,227891519,0.00041778,-0.226813,5,5.5789e-11,4.6159e-06,0.56545,0.79226
chr1,236063978,236064213,2.4615e-09,-0.237333,12,4.2522e-14,6.6679e-12,0.30352,0.54085
chr1,247347950,247348260,1.012e-08,-0.204148,8,4.7962e-14,3.2195e-11,0.083983,0.28813
chr10,804349,804873,9.7292e-05,0.220465,9,3.5902e-09,8.6921e-07,0.56002,0.33955
chr10,1608917,1609215,9.0455e-06,-0.20235,11,4.5264e-13,6.0297e-08,0.33187,0.53422
chr10,6275282,6275356,0.025842,0.205835,4,0.00015681,0.00056785,0.37851,0.17267
chr10,7407701,7407945,7.2637e-14,-0.202638,12,4.3632e-14,8.9301e-17,0.42962,0.63226
chr10,13001134,13001312,1.354e-11,-0.21687,12,4.3854e-14,2.3416e-14,0.19795,0.41482
chr10,16520065,16520311,1.7390000000000002e-32,-0.262218,23,3.6304e-14,2.0742e-36,0.12932,0.39154
chr10,22335216,22336053,2.7454e-105,-0.224448,46,6.7391e-14,2.7867e-51,0.088979,0.31343
chr10,26391804,26392012,1.3731e-13,-0.262626,18,4.1411e-14,1.7543e-16,0.2932,0.55583
chr10,43322847,43323154,4.6167e-18,-0.262936,16,4.452e-14,2.9967999999999997e-21,0.24507,0.508
chr10,44293498,44293525,7.1726e-06,-0.215558,4,6.6376e-12,4.646e-08,0.081089,0.29665
chr10,47763374,47763446,4.2517e-05,-0.23913,5,6.3789e-12,3.4337e-07,0.31427,0.5534
chr10,70283696,70283800,4.7054e-09,-0.214275,13,4.4076e-14,1.3721e-11,0.309,0.52328
chr10,75276237,75276485,5.6106e-08,-0.282559,8,4.6851e-14,2.1203e-10,0.39266,0.67522
chr10,86535535,86536860,2.7454e-105,-0.260264,46,7.4274e-14,9.2304e-56,0.35351,0.61377
chr10,86968380,86968765,1.2033e-29,-0.233899,30,3.8525e-14,1.9321e-33,0.14916,0.38305
chr10,90831171,90831229,6.4013e-05,-0.341693,4,1.0394e-11,5.4384e-07,0.33766,0.67935
chr10,99527672,99528075,2.877e-35,-0.269477,19,4.2411e-14,3.0355e-39,0.025551,0.29503
chr10,99536277,99536311,9.1718e-07,-0.246874,4,4.0745e-13,4.6955e-09,0.016521,0.26339
chr10,103661391,103661993,8.8246e-11,0.262198,11,4.5186e-14,1.7691e-13,0.67006,0.40786
chr10,110530231,110530732,4.0547e-22,-0.290326,20,3.9746e-14,1.5345e-25,0.42056,0.71089
chr10,112952903,112953102,7.7618e-05,0.213966,7,2.0158e-05,6.7575e-07,0.80874,0.59478
chr10,124388891,124388979,4.8246e-08,-0.243384,11,4.3854e-14,1.7905e-10,0.34343,0.58681
chr10,126905963,126906196,5.7744e-12,-0.231205,17,3.9857e-14,9.4303e-15,0.19193,0.42313
chr10,127195286,127196307,7.1902e-17,-0.20683,33,4.0079e-14,5.7227e-20,0.15943,0.36626
chr10,131980071,131980207,5.2185e-10,-0.304175,8,4.2077e-14,1.2161e-12,0.39661,0.70078
chr10,132306881,132307103,5.0885e-13,-0.216197,13,4.6074e-14,7.0029e-16,0.17436,0.39056
chr11,316216,316537,1.8629e-15,-0.242986,19,4.2299e-14,1.7776e-18,0.39754,0.64053
chr11,391399,391622,0.021598,-0.215342,4,4.2428e-05,0.00045902,0.51454,0.72988
chr11,705793,705826,0.014336,-0.202806,4,4.8104e-07,0.0002824,0.30313,0.50594
chr11,707104,707136,0.0019833,-0.208851,4,6.1168e-08,2.749e-05,0.33938,0.54824
chr11,1854217,1854485,8.7024e-09,0.287794,4,4.6296e-14,2.7466e-11,0.92163,0.63383
chr11,2909635,2909882,6.385999999999999e-23,-0.209637,25,3.7081e-14,2.0506999999999999e-26,0.6497,0.85934
chr11,2883819,2883930,7.8254e-08,-0.214785,10,4.1189e-14,3.0872e-10,0.20813,0.42291
chr11,6319281,6319404,0.010066,-0.205009,4,2.6431e-07,0.00018522,0.30881,0.51382
chr11,17012935,17013470,2.2501e-07,-0.230562,12,4.5963e-14,9.8938e-10,0.32396,0.55453
chr11,19242259,19242573,2.4228e-14,-0.2206,22,4.452e-14,2.7174e-17,0.08595,0.30655
chr11,31787322,31787596,9.1829e-07,-0.256633,8,8.4932e-14,4.7033e-09,0.58784,0.84448
chr11,33828943,33828986,1.3725e-06,-0.285118,5,4.1522e-14,7.3443e-09,0.15565,0.44077
chr11,44520243,44520404,4.8335e-11,-0.266544,14,4.1855e-14,9.1575e-14,0.4311,0.69765
chr11,47185490,47185816,2.9693e-14,-0.229072,14,4.2077e-14,3.3985e-17,0.25623,0.48531
chr11,58905573,58905616,3.7486e-11,-0.343077,4,4.2966e-14,6.9732e-14,0.046777,0.38985
chr11,62547309,62547450,5.7821e-17,-0.231844,14,3.8858e-14,4.5756e-20,0.072949,0.30479
chr11,62688029,62688376,7.3757e-39,-0.275328,31,3.042e-14,5.4136999999999994e-43,0.50542,0.78075
chr11,64029191,64029340,8.5175e-05,-0.280548,4,3.189e-09,7.4917e-07,0.43976,0.7203
chr11,67711392,67711448,0.0013786,-0.217934,4,4.4865e-08,1.8131e-05,0.14119,0.35912
chr11,68128357,68128449,1.6785e-10,-0.258564,9,4.5186e-14,3.565e-13,0.044397,0.30296
chr11,69056251,69056300,0.0016166,0.218115,4,1.2392e-07,2.1725e-05,0.60891,0.39079
chr11,69497304,69497391,2.4131e-05,-0.260217,4,1.3447e-08,1.8248e-07,0.44785,0.70807
chr11,69654595,69654697,0.00084155,0.220961,6,1.9125e-11,1.0317e-05,0.79896,0.578
chr11,73264467,73264750,2.6316999999999999e-82,-0.364648,26,4.5852e-14,1.9156e-49,0.22578,0.59042
chr11,77138001,77138404,9.2853e-20,-0.223619,32,4.6518e-14,4.6642e-23,0.41964,0.64326
chr11,115660421,115660580,2.5725e-10,-0.233028,8,4.3077e-14,5.6233e-13,0.10198,0.33501
chr11,119149954,119149988,0.00030972,-0.206787,6,8.9166e-12,3.2629e-06,0.25074,0.45753
chr11,119339579,119339765,2.5972e-18,-0.209444,21,4.0745e-14,1.6203999999999999e-21,0.51173,0.72117
chr11,126453735,126454097,6.4044e-07,-0.292371,6,6.4049e-13,3.1436e-09,0.51221,0.80458
chr12,1922584,1922659,0.004907,-0.204521,5,0.0021148,7.9236e-05,0.63921,0.84373
chr12,3838773,3839193,5.3315e-14,-0.232535,22,4.2299e-14,6.4202e-17,0.27633,0.50886
chr12,4561869,4562442,3.7656e-11,-0.250412,13,4.5852e-14,7.0134e-14,0.2751,0.52551
chr12,6310328,6310444,1.1749e-09,-0.231343,13,4.4964e-14,2.959e-12,0.41561,0.64696
chr12,7752412,7752434,0.00018543,-0.290308,6,2.867e-09,1.8135e-06,0.53452,0.82482
chr12,12072234,12072410,1.0195e-05,-0.240215,7,3.3507e-13,6.9027e-08,0.2982,0.53842
chr12,49332782,49333318,8.55e-14,-0.243878,19,4.3632e-14,1.0649e-16,0.38615,0.63003
chr12,51425348,51425422,0.0037621,-0.222633,5,1.676e-09,5.8221e-05,0.38637,0.609
chr12,51906977,51907720,9.6195e-28,-0.215988,49,0.0,1.8534000000000001e-31,0.21745,0.43344
chr12,52250202,52250579,6.065999999999999e-22,-0.258026,27,4.7518e-14,2.3236e-25,0.22761,0.48563
chr12,53197765,53197809,0.001354,-0.271001,4,3.5889e-08,1.7752e-05,0.12222,0.39322
chr12,54217988,54218179,4.2229e-20,-0.281948,19,4.4631e-14,2.0147e-23,0.20337,0.48532
chr12,54369601,54370756,7.622599999999999e-26,-0.200979,31,4.1411e-14,1.7484e-29,0.54978,0.75076
chr12,107775736,107775779,0.00094887,-0.21646,7,7.4262e-12,1.1861e-05,0.23401,0.45047
chr12,108768706,108768890,5.4552e-24,-0.286662,17,3.7526e-14,1.539e-27,0.080627,0.36729
chr12,109273466,109273525,3.3365e-06,-0.254935,5,1.476e-12,1.9852e-08,0.22546,0.48039
chr12,109451513,109451742,0.0010411,-0.216032,7,4.8543e-09,1.318e-05,0.40024,0.61627
chr12,113093481,113093521,1.5177e-06,-0.318834,4,6.8612e-14,8.2051e-09,0.28666,0.60549
chr12,113463660,113463694,0.00027057,-0.206024,5,2.99e-11,2.7859e-06,0.13688,0.34291
chr12,116658454,116658672,3.2958e-05,0.252445,8,7.383e-14,2.582e-07,0.62344,0.37099
chr12,116661821,116661933,0.030352,0.20453,7,3.159e-08,0.00068719,0.84913,0.6446
chr12,121809874,121810354,1.3581e-08,-0.215994,14,1.3984e-10,4.4547e-11,0.66424,0.88023
chr12,131808658,131809170,9.8355e-19,0.287042,19,4.5963e-14,5.639899999999999e-22,0.73991,0.45287
chr12,131851282,131851572,1.8951e-08,-0.261537,15,4.4742e-14,6.4419e-11,0.54059,0.80212
chr12,132285220,132285254,1.3271e-08,-0.350864,4,4.2077e-14,4.3498e-11,0.2828,0.63367
chr13,20301429,20301851,3.7711999999999997e-28,-0.249598,29,4.7629e-14,6.8335e-32,0.20079,0.45039
chr13,25172270,25172448,0.0045939,0.202826,5,2.3815e-08,7.3475e-05,0.71791,0.51509
chr13,33110993,33111023,0.0015582,0.216417,4,1.4211e-08,2.083e-05,0.68005,0.46364
chr13,35478578,35478696,5.1336e-11,-0.226181,9,4.0856e-14,9.7496e-14,0.19002,0.4162
chr13,50132865,50132928,9.6809e-11,-0.324606,6,4.452e-14,1.9518e-13,0.31119,0.6358
chr13,50129892,50130088,2.0726e-05,-0.200194,8,3.5536e-11,1.5383e-07,0.16274,0.36293
chr13,50843509,50843718,0.0010939,-0.26562,4,3.1368e-08,1.3928e-05,0.33516,0.60078
chr13,49221041,49221168,0.00043627,-0.217417,6,6.3363e-09,4.8453e-06,0.34581,0.56323
chr13,99085320,99085670,8.5883e-11,-0.278244,10,4.674e-14,1.7138e-13,0.35801,0.63625
chr13,99991942,99991983,6.7751e-05,-0.212708,5,2.2857e-11,5.7995e-07,0.16869,0.3814
chr13,109869813,109869865,0.0014002,0.210696,4,1.4639e-06,1.8454e-05,0.6289,0.4182
chr13,112073061,112073146,7.1079e-10,-0.21764,8,4.6296e-14,1.7005e-12,0.11992,0.33756
chr13,114026006,114026195,8.5742e-07,-0.273048,6,2.6756e-13,4.3483e-09,0.57187,0.84492
chr13,114055745,114056505,3.314e-07,-0.207839,14,8.5425e-12,1.5263e-09,0.49552,0.70336
chr13,114134575,114134661,6.0724e-07,0.315731,5,6.2617e-14,2.9584e-09,0.8337,0.51796
chr14,50785341,50785780,0.00094193,0.210991,4,1.3622e-07,1.1756e-05,0.84879,0.6378
chr14,51093476,51093494,3.6175e-06,-0.294277,4,3.2612e-10,2.1764e-08,0.34959,0.64387
chr14,59869501,59869544,7.965e-05,-0.210595,4,7.7721e-09,6.9552e-07,0.64749,0.85809
chr14,68691417,68691713,0.005153,-0.208889,6,3.3587e-08,8.3929e-05,0.51547,0.72435
chr14,74611061,74611641,1.0559e-18,-0.228635,24,4.3965e-14,6.0855e-22,0.32219,0.55082
chr14,100278754,100278804,9.113e-06,-0.20419,5,1.9812e-10,6.0847e-08,0.2135,0.41769
chr14,102545304,102545360,1.5795e-06,-0.300834,4,1.0469e-13,8.579e-09,0.2645,0.56533
chr14,103104580,103104739,6.2034e-05,-0.205787,7,1.1253e-11,5.2547e-07,0.21203,0.41782
chr14,104577995,104578110,1.9555e-09,-0.242089,7,4.452e-14,5.1447e-12,0.48814,0.73023
chr15,22417921,22418000,3.6402e-05,0.2121,5,5.5813e-12,2.8881e-07,0.86001,0.64791
chr15,30225644,30225865,2.8235e-15,-0.240055,13,4.019e-14,2.7395e-18,0.21621,0.45627
chr15,40873433,40873465,0.0039978,-0.219365,4,5.6999e-08,6.2529e-05,0.28064,0.50001
chr15,40843619,40843675,0.0035805,-0.214783,4,1.0886e-07,5.5016e-05,0.38361,0.59839
chr15,41511564,41511954,1.0805e-17,-0.228345,30,4.4409e-14,7.4103e-21,0.2836,0.51194
chr15,52112084,52112216,1.4961e-06,-0.216562,13,4.6074e-14,8.0777e-09,0.29704,0.5136
chr15,65421136,65421240,1.0363e-06,-0.208833,9,1.6498e-13,5.3884e-09,0.34545,0.55428
chr15,66631186,66631259,4.7381e-07,-0.284698,4,1.1724e-13,2.2594e-09,0.066265,0.35096
chr15,67064047,67064310,0.091116,-0.213217,4,0.00014076,0.0025978,0.50563,0.71885
chr15,68256851,68257033,2.0416e-11,-0.267397,14,4.4631e-14,3.6432e-14,0.35865,0.62605
chr15,75712609,75712847,1.537e-06,-0.203289,12,6.9389e-14,8.3201e-09,0.31692,0.52021
chr15,76334878,76334909,0.021265,-0.201075,4,4.1464e-07,0.0004504,0.27988,0.48096
chr15,76347133,76347390,1.1628e-20,-0.268541,27,4.3077e-14,5.2354e-24,0.18383,0.45237
chr15,80403738,80403807,0.003557,-0.20251,6,2.5951e-09,5.459e-05,0.29157,0.49407
chr15,93280341,93280511,6.2849e-08,-0.226906,9,4.1411e-14,2.4074e-10,0.26897,0.49588
chr16,1029061,1029342,8.7156e-06,0.207392,11,3.8383e-12,5.7865e-08,0.6249,0.4175
chr16,1379839,1379861,0.00022588,-0.237275,4,1.1599e-08,2.2677e-06,0.16754,0.40482
chr16,1535867,1536303,1.2473e-12,0.223707,16,4.2855e-14,1.8282e-15,0.82895,0.60524
chr16,1979691,1979805,3.7066e-09,-0.268939,8,4.0967e-14,1.0466e-11,0.42323,0.69217
chr16,4306529,4306675,0.0022155,0.25979,5,2.051e-09,3.1267e-05,0.6447,0.38491
chr16,8569762,8569940,1.1927e-06,-0.203111,9,7.927e-14,6.2813e-09,0.47072,0.67383
chr16,31529221,31529369,1.8132e-06,-0.25569,6,4.4076e-14,1.0017e-08,0.26229,0.51799
chr16,49465060,49465347,8.763500000000001e-24,-0.251018,16,3.8969e-14,2.5327e-27,0.48143,0.73244
chr16,55323773,55323780,8.9117e-06,-0.272884,4,5.5081e-12,5.9319e-08,0.25124,0.52412
chr16,56647953,56648130,9.9736e-08,-0.208626,11,4.6407e-14,4.0057e-10,0.21719,0.42582
chr16,67150147,67150219,2.3042e-08,-0.225617,11,4.2633e-14,8.0176e-11,0.28918,0.5148
chr16,67393200,67393406,1.1474e-08,-0.270513,9,4.6185e-14,3.7214e-11,0.32538,0.59589
chr16,68235732,68236232,2.8751e-15,-0.210818,30,4.674e-14,2.8027e-18,0.38821,0.59903
chr16,85524094,85524606,0.0066531,-0.214359,4,3.6564e-06,0.00011331,0.34038,0.55474
chr16,86515975,86516057,8.6821e-06,-0.212572,6,8.471e-14,5.7532e-08,0.16673,0.3793
chr16,87345194,87345287,1.856e-05,0.22254,4,6.6638e-10,1.364e-07,0.77618,0.55364
chr16,88089133,88089200,0.00039045,-0.230666,6,4.2162e-09,4.2603e-06,0.44058,0.67124
chr16,88406087,88406144,0.0013015,-0.201142,7,7.0442e-05,1.6983e-05,0.58305,0.78419
chr16,88655828,88656020,4.1832e-06,-0.217428,9,1.8976e-09,2.5581e-08,0.47996,0.69739
chr16,89246948,89247055,0.0056134,-0.205082,5,6.1403e-08,9.2973e-05,0.28053,0.48561
chr17,1043901,1044101,0.0098285,-0.203253,4,9.0957e-06,0.00017997,0.34515,0.5484
chr17,1270573,1270621,0.0019376,-0.205225,6,7.8943e-09,2.6732e-05,0.35957,0.5648
chr17,1563324,1563333,0.0028135,0.212239,4,4.192e-06,4.1365e-05,0.6756,0.46336
chr17,4004020,4004240,6.2958e-05,-0.214039,9,8.2411e-12,5.3445e-07,0.34975,0.56379
chr17,4745763,4745869,0.0013582,-0.210151,4,8.3149e-08,1.782e-05,0.53416,0.74431
chr17,5122597,5122622,5.6942e-05,-0.233607,4,1.218e-07,4.7737e-07,0.52238,0.75599
chr17,6995741,6996234,2.9431e-18,-0.23834,35,4.7851e-14,1.8630999999999998e-21,0.47664,0.71498
chr17,8475861,8475906,0.00050102,0.287955,4,9.1953e-09,5.6897e-06,0.89204,0.60409
chr17,14298591,14298778,9.4652e-11,-0.20739,14,4.2411e-14,1.9062e-13,0.50685,0.71424
chr17,17700327,17700787,6.9881e-31,-0.215841,40,0.0,9.937700000000001e-35,0.59668,0.81252
chr17,21511995,21512066,2.0574e-07,-0.210953,8,4.9649e-13,8.9711e-10,0.28495,0.49591
chr17,29613327,29613361,6.0777e-06,-0.232912,4,3.0607e-11,3.8685e-08,0.086629,0.31954
chr17,31559367,31559995,6.8608e-18,-0.220634,29,5.0071e-14,4.500699999999999e-21,0.39287,0.6135
chr17,35495600,35495740,0.00020136,-0.207737,8,3.964e-11,1.9906e-06,0.27143,0.47917
chr17,35448839,35449851,1.4851e-29,-0.246403,33,3.9746e-14,2.4185000000000002e-33,0.099109,0.34551
chr17,37745737,37746101,3.7069e-05,-0.213311,7,2.0477e-12,2.947e-07,0.20142,0.41473
chr17,39739795,39740166,1.3529e-06,-0.218276,4,1.0522e-10,7.2211e-09,0.18927,0.40755
chr17,42098089,42098180,3.8431e-05,-0.262589,5,4.5473e-11,3.0702e-07,0.33999,0.60258
chr17,42684041,42684227,3.1211e-10,-0.220249,10,4.5075e-14,6.894e-13,0.43164,0.65189
chr17,43758891,43759054,0.00024953,-0.264541,4,2.4141e-08,2.5409e-06,0.34682,0.61136
chr17,47423483,47423977,1.2213e-27,-0.255148,30,4.5741e-14,2.381e-31,0.11701,0.37216
chr17,48156360,48156436,5.6144e-11,-0.238158,6,4.13e-14,1.0738e-13,0.1103,0.34846
chr17,48570362,48570826,3.1842e-15,-0.353019,9,4.3632e-14,3.1259e-18,0.28477,0.63779
chr17,48564111,48564741,4.0652e-63,-0.255115,39,0.0,3.8305999999999996e-46,0.29575,0.55086
chr17,48594844,48594906,2.1229e-05,-0.32343,6,2.1895e-12,1.5811e-07,0.24988,0.57331
chr17,48614720,48614730,7.9199e-09,-0.273794,4,4.4409e-14,2.4704e-11,0.059541,0.33334
chr17,49860160,49860197,0.060545,-0.215165,4,0.0026495,0.0015705,0.65093,0.8661
chr17,57599413,57599566,0.0040689,0.237628,4,1.0653e-06,6.3902e-05,0.49079,0.25316
chr17,57723759,57724270,2.7894e-07,0.272776,9,4.2411e-14,1.254e-09,0.71463,0.44185
chr17,57861503,57862134,5.6347e-33,-0.24179,39,0.0,6.3329e-37,0.16059,0.40238
chr17,64063862,64063923,0.00029323,-0.232257,5,7.6995e-08,3.0623e-06,0.39885,0.63111
chr17,73415977,73416088,0.12138,-0.218097,4,0.00014717,0.0037132,0.52531,0.7434
chr17,75721620,75721655,0.00034798,-0.208292,4,1.7009e-09,3.7322e-06,0.35988,0.56817
chr17,75872850,75872928,2.7029e-06,0.308935,4,2.5125e-12,1.5716e-08,0.63104,0.32211
chr17,76870195,76870396,6.7788e-11,-0.205991,14,4.3521e-14,1.317e-13,0.23498,0.44097
chr17,77696442,77696488,2.7158e-05,-0.279142,4,7.217e-10,2.0724e-07,0.43222,0.71136
chr17,77529277,77529453,4.3783e-05,-0.201737,8,1.1041e-12,3.549e-07,0.37835,0.58009
chr17,80859563,80859683,5.5426e-05,0.23987,5,4.4115e-11,4.6289e-07,0.89564,0.65577
chr17,81119005,81119568,8.7361e-20,-0.244997,20,4.4853e-14,4.3683e-23,0.32179,0.56679
chr17,81309876,81310329,2.0242e-06,-0.205982,11,4.7378e-11,1.1306e-08,0.44439,0.65038
chr17,81313065,81313274,1.1344e-05,-0.252582,6,2.4896e-11,7.8241e-08,0.51546,0.76805
chr17,81402609,81403022,0.0001348,-0.268206,5,4.4902e-09,1.2606e-06,0.3232,0.59141
chr17,81403832,81403930,0.00083889,-0.209564,10,3.5291e-10,1.0272e-05,0.65884,0.8684
chr17,81598572,81598712,0.00036957,0.253693,4,5.5019e-08,3.9985e-06,0.75743,0.50374
chr17,83073590,83073990,6.4094e-07,-0.211102,13,5.8287e-14,3.149e-09,0.42275,0.63385
chr17,83195072,83196119,4.2852e-09,-0.210166,14,4.3965e-14,1.2335e-11,0.24142,0.45158
chr18,10101396,10101436,5.1795e-05,-0.256811,4,1.2045e-10,4.2923e-07,0.28439,0.5412
chr18,13641689,13642192,4.0652e-63,-0.387502,26,4.6962e-14,7.2852e-50,0.27647,0.66397
chr18,23137020,23137065,9.3886e-08,-0.240885,6,4.2522e-14,3.747e-10,0.1096,0.35049
chr18,45838248,45839195,2.4114e-36,-0.327286,24,5.5844e-14,2.3910999999999996e-40,0.42656,0.75384
chr18,74457982,74458323,0.0026327,-0.222551,4,6.3362e-08,3.83e-05,0.38662,0.60917
chr18,77249999,77250202,5.6957e-07,-0.201761,10,4.3077e-14,2.7657e-09,0.16797,0.36973
chr18,79637555,79638137,2.3835e-36,-0.275064,32,5.5622e-14,2.2962e-40,0.31546,0.59052
chr19,616252,616502,6.4298e-07,-0.205103,16,4.4853e-14,3.1605e-09,0.43146,0.63656
chr19,1967240,1967496,1.1334e-05,0.219781,8,1.1636e-08,7.8095e-08,0.52635,0.30657
chr19,1466136,1466196,3.2606e-12,-0.291362,7,4.6629e-14,5.1006e-15,0.40741,0.69877
chr19,1466302,1466420,0.00054015,-0.225699,6,7.9973e-11,6.2034e-06,0.50594,0.73164
chr19,1466869,1467514,2.7454e-105,-0.257405,54,1.0,2.0907e-49,0.21389,0.4713
chr19,2462380,2463092,1.3484e-23,-0.252201,31,3.8525e-14,3.9989e-27,0.26501,0.51721
chr19,3068239,3068309,0.0003477,-0.232313,5,4.0265e-09,3.7276e-06,0.29641,0.52873
chr19,3190650,3190958,1.1919e-08,-0.204411,13,0.00085695,3.874e-11,0.60025,0.80466
chr19,3320222,3320380,0.00068527,0.221937,4,4.2559e-06,8.153e-06,0.56623,0.34429
chr19,3403680,3403965,7.7444e-10,0.200281,19,6.6431e-10,1.8723e-12,0.84838,0.6481
chr19,4347982,4348051,0.092149,-0.204788,4,2.6294e-06,0.0026387,0.43555,0.64034
chr19,5140846,5141117,0.00014243,0.230551,6,9.3842e-09,1.344e-06,0.68509,0.45454
chr19,5335880,5335974,0.00027564,0.217989,4,1.7136e-06,2.8457e-06,0.58751,0.36952
chr19,10625532,10625876,4.3966e-17,-0.209028,21,4.3521e-14,3.3379e-20,0.66333,0.87236
chr19,13012205,13012381,9.437e-06,-0.213216,9,1.3727e-12,6.3227e-08,0.32046,0.53368
chr19,15899701,15899965,2.7319e-08,-0.213137,12,5.218e-14,9.6312e-11,0.26595,0.47909
chr19,18051775,18052102,1.3266e-10,-0.245386,12,4.7184e-14,2.7508e-13,0.41817,0.66356
chr19,18868727,18870073,2.7454e-105,-0.278363,60,0.0,8.763499999999999e-65,0.47945,0.75782
chr19,19110265,19110689,1.0216e-15,-0.243645,20,4.2855e-14,9.279e-19,0.30526,0.54891
chr19,19539792,19539901,0.0043577,-0.224621,4,1.7018e-07,6.9157e-05,0.39211,0.61673
chr19,30253667,30253694,0.014073,-0.201533,4,5.3349e-06,0.00027604,0.41967,0.6212
chr19,33273450,33273528,0.064035,-0.20947,4,3.432e-05,0.001681,0.51875,0.72822
chr19,33282176,33282230,2.1209e-06,-0.268591,6,5.9508e-14,1.1904e-08,0.47872,0.74731
chr19,33304232,33304411,1.3116e-07,-0.292792,6,4.341e-14,5.4332e-10,0.22419,0.51698
chr19,35249471,35249683,2.9324e-06,-0.217217,9,2.1098e-11,1.7165e-08,0.46015,0.67737
chr19,35756161,35757118,3.1842e-15,-0.204368,31,4.5075e-14,3.1209e-18,0.33318,0.53755
chr19,35994001,35994525,4.0652e-63,-0.302068,35,3.6415e-14,3.214e-45,0.20527,0.50734
chr19,36379533,36379546,0.001128,-0.220747,4,5.6001e-08,1.4421e-05,0.48856,0.7093
chr19,39133685,39133926,1.4472e-07,-0.28741,7,4.5741e-14,6.0545e-10,0.18492,0.47233
chr19,39098553,39098630,7.0282e-10,-0.264955,8,1.0347e-13,1.6782e-12,0.48184,0.7468
chr19,39247682,39248218,1.7550999999999997e-21,-0.238716,27,4.7073e-14,7.085e-25,0.41016,0.64887
chr19,39248923,39249018,0.00375,0.222637,4,1.0072e-06,5.8017e-05,0.65911,0.43647
chr19,39264120,39265556,3.2502000000000004e-27,-0.202234,59,0.0,6.5534e-31,0.27149,0.47372
chr19,40398637,40398856,1.0078e-09,-0.240226,13,4.3077e-14,2.5058e-12,0.36768,0.6079
chr19,41550494,41550626,2.1421e-06,0.257232,9,2.5091e-12,1.2033e-08,0.73733,0.4801
chr19,41565031,41565187,4.9814e-08,-0.2138,11,4.1189e-14,1.8567e-10,0.098707,0.31251
chr19,41922588,41922787,1.3738e-06,-0.222349,10,1.3634e-13,7.358e-09,0.43789,0.66024
chr19,43465475,43465750,6.433e-06,-0.201403,11,2.9761e-12,4.1226e-08,0.47698,0.67838
chr19,42323590,42323653,7.0342e-06,-0.224679,9,6.6946e-14,4.545e-08,0.42753,0.65221
chr19,42324098,42324136,1.2937e-05,-0.210431,4,8.3626e-11,9.0388e-08,0.17197,0.3824
chr19,44777778,44778063,2.0998e-16,-0.221804,23,4.7629e-14,1.7483000000000002e-19,0.31059,0.53239
chr19,45396432,45397055,7.0363e-35,-0.223976,47,6.0729e-14,7.5855e-39,0.35937,0.58334
chr19,45864542,45864691,5.1832e-06,-0.219406,4,8.0515e-10,3.2385e-08,0.17917,0.39858
chr19,48745818,48745850,8.3473e-06,-0.255653,4,1.116e-09,5.5007e-08,0.4131,0.66875
chr19,49065493,49065630,0.021495,-0.220408,4,4.4665e-07,0.00045636,0.27678,0.49719
chr19,48442754,48442936,2.1544e-22,-0.240164,24,3.8414e-14,7.8076e-26,0.23947,0.47964
chr19,49689639,49690479,5.3407e-23,-0.217971,33,4.1633e-14,1.7028e-26,0.39918,0.61715
chr19,50668165,50669045,1.2249e-31,-0.200768,70,0.0,1.6576e-35,0.24149,0.44226
chr19,52858324,52858359,0.0060005,-0.215106,4,1.441e-06,0.00010062,0.37145,0.58655
chr19,54420179,54420699,1.2003e-05,-0.230449,8,1.1761e-12,8.3362e-08,0.33082,0.56126
chr19,55086424,55087441,2.7454e-105,-0.205947,57,0.0,7.676200000000001e-56,0.21445,0.4204
chr19,56217837,56217844,1.0298e-05,-0.278186,4,9.2213e-12,6.9843e-08,0.19983,0.47802
chr2,467907,467956,0.00020136,-0.238208,4,9.6239e-10,1.9903e-06,0.17401,0.41222
chr2,636629,636827,5.4255e-11,-0.228546,16,4.3632e-14,1.0341e-13,0.24025,0.4688
chr2,12718809,12718871,5.2346e-08,-0.204707,9,4.1078e-14,1.96e-10,0.15818,0.36289
chr2,15694216,15694271,0.011867,-0.215588,4,3.9452e-06,0.00022535,0.37737,0.59296
chr2,20579346,20579507,0.0014591,0.240873,4,5.3578e-08,1.9317e-05,0.78338,0.5425
chr2,24402975,24403043,0.00027058,-0.215457,4,9.2958e-07,2.7872e-06,0.44245,0.65791
chr2,25167652,25168093,4.3706e-07,-0.226208,9,4.5186e-14,2.0712e-09,0.29177,0.51798
chr2,26173958,26174259,5.1179e-09,-0.200788,15,4.4187e-14,1.5073e-11,0.27335,0.47413
chr2,47369687,47370101,5.0069e-27,-0.211486,24,4.0634e-14,1.0221000000000001e-30,0.31077,0.52226
chr2,63047388,63047543,5.1001e-09,-0.243042,7,4.4187e-14,1.5009e-11,0.10583,0.34888
chr2,68319098,68319207,1.0032e-06,-0.250819,7,4.7184e-14,5.1957e-09,0.15909,0.40991
chr2,66444525,66446824,2.6316999999999999e-82,-0.25612,73,0.0,1.328e-86,0.058933,0.31505
chr2,70978487,70978918,8.5438e-21,-0.211487,21,4.4964e-14,3.7822e-24,0.06288,0.27437
chr2,74415604,74416203,7.0052e-17,-0.212175,29,3.8081e-14,5.5595e-20,0.38075,0.59293
chr2,74441389,74442305,2.4114e-36,-0.277427,40,0.0,2.4336e-40,0.27926,0.55669
chr2,88003362,88003419,0.038016,-0.20051,4,5.375e-06,0.00089856,0.28924,0.48975
chr2,98822588,98823315,4.2718e-24,-0.212688,47,6.0729e-14,1.1954e-27,0.21062,0.42331
chr2,106486841,106487250,4.0994e-06,-0.219821,4,1.8474e-11,2.4993e-08,0.1237,0.34352
chr2,113291323,113291363,0.00043355,-0.200275,5,1.1974e-07,4.8091e-06,0.43855,0.63882
chr2,113277536,113278510,4.8369000000000003e-20,-0.213737,40,0.0,2.3298e-23,0.16556,0.37929
chr2,118845172,118845225,6.6883e-12,-0.243109,9,4.452e-14,1.0999e-14,0.15376,0.39686
chr2,127042851,127043057,5.1701e-06,-0.286017,6,0.00025091,3.2291e-08,0.55224,0.83826
chr2,127025036,127025204,3.7937e-09,-0.200292,11,4.6851e-14,1.0729e-11,0.47895,0.67924
chr2,127107853,127107911,1.348e-05,-0.226068,5,3.5927e-13,9.4796e-08,0.22359,0.44966
chr2,148542948,148543050,0.0029445,-0.220544,4,8.238e-07,4.3697e-05,0.55678,0.77732
chr2,157597341,157597456,3.6033e-17,-0.311235,7,4.4076e-14,2.6861e-20,0.12903,0.44026
chr2,164955166,164955464,3.8571e-12,-0.250626,14,4.1078e-14,6.0779e-15,0.28377,0.53439
chr2,170813936,170813961,3.8541e-08,-0.208689,4,4.6407e-14,1.3959e-10,0.079029,0.28772
chr2,174025757,174025930,3.3767e-05,-0.201686,10,6.7613e-14,2.6543e-07,0.69763,0.89932
chr2,176079438,176079502,0.00027382,-0.207202,4,2.2326e-09,2.8244e-06,0.13442,0.34162
chr2,181685312,181685329,0.001546,-0.233424,4,1.9231e-08,2.0635e-05,0.18197,0.41539
chr2,199456020,199456044,3.1375e-08,-0.208304,4,4.452e-14,1.1183e-10,0.0813,0.2896
chr2,218873586,218873806,9.8035e-13,-0.200559,21,4.3965e-14,1.4166e-15,0.12048,0.32104
chr2,232928583,232928837,1.8593e-05,-0.228253,6,2.4265e-12,1.3668e-07,0.19029,0.41854
chr2,238139593,238139767,5.7599e-13,-0.202324,16,4.2299e-14,8.0326e-16,0.33309,0.53541
chr20,842256,842344,0.0015338,-0.206977,7,7.7831e-10,2.0451e-05,0.19179,0.39876
chr20,2804944,2805612,7.4068e-08,-0.208176,9,4.6185e-14,2.9e-10,0.14452,0.3527
chr20,24918244,24918358,5.9953e-07,-0.213167,6,4.6518e-14,2.9167e-09,0.14316,0.35633
chr20,23051134,23051528,4.5923999999999995e-21,-0.226997,18,4.9294e-14,1.9698e-24,0.15581,0.3828
chr20,26009674,26009839,2.551e-14,-0.240472,10,4.2188e-14,2.8788e-17,0.094061,0.33453
chr20,32457108,32458059,3.4111e-14,-0.226871,29,4.6185e-14,3.9198e-17,0.50294,0.72981
chr20,32582776,32582812,0.00020778,-0.206431,4,3.1284e-09,2.0626e-06,0.38999,0.59642
chr20,40687085,40687099,1.89e-06,-0.273311,4,1.3423e-13,1.0469e-08,0.13489,0.4082
chr20,59750615,59750663,0.067564,-0.205714,4,2.2777e-05,0.0018003,0.31517,0.52088
chr20,62549077,62549182,0.00010828,-0.292362,4,3.554e-11,9.8002e-07,0.23055,0.52291
chr20,63235524,63235667,0.0039166,-0.218511,5,1.1118e-07,6.0945e-05,0.40316,0.62167
chr20,63832439,63832677,4.1711e-07,-0.203162,17,3.9857e-14,1.9689e-09,0.34805,0.55121
chr21,29155514,29155589,7.5204e-06,-0.269379,4,2.2431e-11,4.8971e-08,0.4702,0.73957
chr21,36542520,36542676,2.9091e-05,-0.227853,6,8.8995e-13,2.2393e-07,0.13773,0.36559
chr21,41763458,41763827,1.1861e-05,-0.238151,8,4.442e-13,8.2295e-08,0.32761,0.56576
chr21,42122959,42123116,0.0003046,0.240267,7,8.0175e-11,3.2027e-06,0.67574,0.43547
chr21,42781400,42781522,1.3485e-12,-0.294947,13,4.5741e-14,1.9951e-15,0.25461,0.54956
chr21,44285649,44285874,1.2157e-12,-0.217338,20,4.1744e-14,1.7791e-15,0.44254,0.65988
chr21,44350008,44350731,3.5511e-38,-0.251127,46,3.3196e-14,3.0212e-42,0.25213,0.50325
chr21,44350732,44350821,3.746e-10,-0.213972,10,4.0412e-14,8.4289e-13,0.58144,0.79542
chr21,45294803,45294965,0.00017286,-0.228137,6,2.4823e-10,1.6708e-06,0.24719,0.47533
chr22,19714059,19714089,0.0010157,-0.241969,4,5.9702e-10,1.2807e-05,0.33041,0.57238
chr22,19722153,19722752,1.0397e-14,-0.200286,34,4.5741e-14,1.0898e-17,0.57413,0.77441
chr22,23212969,23213102,0.00083889,-0.200361,4,1.9645e-05,1.0274e-05,0.41884,0.6192
chr22,23145244,23145638,2.5236e-16,-0.213263,24,3.9191e-14,2.1243000000000001e-19,0.19654,0.4098
chr22,23856819,23856917,2.3996e-08,-0.201787,6,4.2188e-14,8.399e-11,0.051738,0.25352
chr22,24686017,24686109,2.9429e-10,-0.249292,9,4.452e-14,6.4665e-13,0.41072,0.66001
chr22,24494455,24494898,2.7454e-105,-0.40257,31,5.7288e-14,6.2287e-79,0.32512,0.72769
chr22,24494902,24494967,0.0096883,-0.246048,4,1.7713e-08,0.00017689,0.42477,0.67081
chr22,24424585,24424625,2.7501e-09,-0.302655,6,4.4853e-14,7.557e-12,0.30659,0.60925
chr22,27633094,27633156,0.0085901,-0.207887,4,8.6406e-06,0.00015351,0.07499,0.28288
chr22,24953709,24953745,0.0015566,-0.211319,4,6.9449e-09,2.0801e-05,0.30782,0.51914
chr22,29313412,29313595,0.057079,-0.20672,4,8.577e-07,0.0014602,0.31041,0.51713
chr22,29415420,29415579,2.049e-05,0.201037,7,6.4475e-11,1.5194e-07,0.73197,0.53094
chr22,30080084,30080406,1.021e-38,-0.285243,25,4.4964e-14,7.962e-43,0.44941,0.73465
chr22,30574357,30574882,1.8138e-25,-0.210469,40,0.0,4.4932e-29,0.35213,0.5626
chr22,30695200,30695293,8.6985e-06,-0.201646,8,1.9914e-12,5.7661e-08,0.29994,0.50159
chr22,37545665,37546178,1.4187e-13,-0.228113,18,4.2744e-14,1.8222e-16,0.1918,0.41992
chr22,38088929,38089777,4.331199999999999e-28,-0.257638,39,0.0,8.1463e-32,0.37016,0.6278
chr22,40679556,40679639,8.5076e-10,-0.275126,7,4.2855e-14,2.0802e-12,0.30284,0.57797
chr22,40418811,40418961,9.4151e-13,0.274589,12,4.1633e-14,1.3562e-15,0.85627,0.58168
chr22,39995277,39995484,5.7136e-17,-0.230634,20,4.0523e-14,4.4558e-20,0.41439,0.64503
chr22,41667322,41667391,9.7748e-08,0.253693,6,4.3521e-14,3.9169e-10,0.83934,0.58564
chr22,42271036,42271053,3.7372e-05,-0.213983,4,3.8703e-12,2.9745e-07,0.10366,0.31764
chr22,42340994,42341327,1.8216e-19,-0.235099,14,4.13e-14,9.5261e-23,0.15478,0.38988
chr22,45880561,45880744,6.6917e-06,-0.216534,6,2.1172e-13,4.3069e-08,0.1856,0.40213
chr22,45975782,45975817,2.3456e-11,-0.200512,6,4.3965e-14,4.2126e-14,0.078336,0.27885
chr22,45867830,45867914,7.4837e-07,-0.200085,7,5.0737e-14,3.7369e-09,0.18191,0.382
chr22,46056355,46056496,5.2358e-09,-0.318201,7,2.7286e-12,1.5492e-11,0.2832,0.6014
chr22,46044241,46044399,1.3836e-10,-0.207908,9,4.3188e-14,2.888e-13,0.061111,0.26902
chr22,46063489,46063564,0.00025332,-0.317516,4,9.5444e-09,2.5844e-06,0.35546,0.67298
chr22,46064153,46064601,8.2426e-10,-0.228983,14,4.6074e-14,2.0021e-12,0.48055,0.70953
chr22,46061357,46062201,2.7454e-105,-0.315391,56,0.0,1.6367999999999999e-65,0.46397,0.77936
chr22,49780506,49780648,7.3427e-08,-0.300824,7,7.4905e-11,2.8716e-10,0.56703,0.86785
chr22,50083816,50084298,3.9877e-12,-0.288497,10,4.452e-14,6.3111e-15,0.15331,0.4418
chr22,50577493,50578322,7.3649e-40,-0.210566,51,8.4044e-14,4.898899999999999e-44,0.48218,0.69275
chr3,3800887,3801129,5.2722e-32,-0.209592,26,4.2522e-14,6.772e-36,0.10133,0.31092
chr3,9946522,9946850,1.5716000000000001e-30,-0.218885,45,6.0285e-14,2.3792e-34,0.3612,0.58008
chr3,40615560,40615797,0.003266,-0.22426,4,3.6564e-06,4.9293e-05,0.13216,0.35642
chr3,46881343,46881450,1.2428e-05,-0.222645,7,7.1907e-11,8.66e-08,0.34702,0.56966
chr3,49422315,49422506,6.0081e-10,-0.325456,7,4.5186e-14,1.4167e-12,0.3802,0.70566
chr3,50364671,50364713,0.0014516,-0.219094,4,1.7076e-08,1.9211e-05,0.61019,0.82928
chr3,57079672,57079791,1.4103e-08,-0.285115,7,3.9968e-14,4.6387e-11,0.38711,0.67223
chr3,71753023,71753119,6.2285e-05,-0.206178,7,1.8228e-10,5.2802e-07,0.47901,0.68518
chr3,105353620,105353970,3.9567e-13,-0.207343,11,4.2411e-14,5.3674e-16,0.13158,0.33892
chr3,111999491,111999681,1.4558e-11,-0.287823,10,4.1189e-14,2.5378e-14,0.24711,0.53494
chr3,119703012,119703161,6.9969e-11,-0.226923,13,4.1078e-14,1.369e-13,0.057512,0.28443
chr3,127338127,127338190,2.5586e-06,-0.216709,7,8.28e-13,1.4771e-08,0.32771,0.54442
chr3,128653718,128653792,1.0092e-08,0.209798,9,4.4187e-14,3.2059e-11,0.87009,0.66029
chr3,137032809,137032839,0.0074453,-0.205613,4,2.491e-06,0.00012979,0.15056,0.35617
chr3,138435434,138435509,1.1099e-07,-0.220245,5,4.4964e-14,4.5263e-10,0.039455,0.2597
chr3,147384919,147385068,1.8014e-09,-0.214616,11,4.3521e-14,4.7187e-12,0.18539,0.40001
chr3,148525891,148525942,0.0001364,-0.267057,4,7.1656e-08,1.2777e-06,0.18807,0.45512
chr3,154428680,154428699,0.0096178,-0.216016,4,8.3149e-08,0.00017523,0.23062,0.44663
chr3,184569588,184569635,0.0015489,-0.205787,4,1.6844e-09,2.0677e-05,0.171,0.37679
chr3,187139173,187139342,3.52e-06,-0.209721,8,2.8977e-11,2.1089e-08,0.14767,0.3574
chr3,197036559,197036571,3.3319e-05,0.202705,4,2.2777e-12,2.6145e-07,0.91678,0.71408
chr4,6761756,6761824,4.051e-07,0.241563,4,2.2363e-10,1.9067e-09,0.82947,0.5879
chr4,17781706,17781999,1.2606e-06,-0.204124,15,4.0967e-14,6.691e-09,0.28975,0.49387
chr4,26029946,26030024,0.0020688,-0.20208,4,5.6642e-06,2.8851e-05,0.44726,0.64934
chr4,37890170,37890322,8.3011e-10,-0.233493,10,4.6407e-14,2.0219e-12,0.53559,0.76909
chr4,48985772,48985792,9.7055e-05,-0.213265,4,3.1368e-08,8.6686e-07,0.36313,0.57639
chr4,48490912,48490945,1.6308e-06,-0.202088,8,7.172e-14,8.9099e-09,0.21118,0.41327
chr4,73998543,73998610,7.4478e-05,-0.209851,10,1.1613e-13,6.4523e-07,0.17897,0.38882
chr4,76948635,76948684,0.0012104,-0.228469,4,3.1651e-08,1.5602e-05,0.29111,0.51958
chr4,83108340,83108516,1.8528e-15,0.253895,12,4.2966e-14,1.7637e-18,0.86592,0.61203
chr4,89641099,89641314,0.0062122,-0.222416,4,2.2937e-05,0.00010464,0.46572,0.68814
chr4,105896028,105896061,3.8452e-05,-0.224584,6,6.94e-13,3.0728e-07,0.1728,0.39738
chr4,122826664,122826675,3.0751e-06,-0.203071,4,5.5922e-13,1.8106e-08,0.10175,0.30482
chr4,182806800,182807313,4.8549e-08,-0.204425,7,4.7073e-14,1.8051e-10,0.13791,0.34233
chr5,1518667,1518847,0.00044446,0.205679,4,5.4357e-09,4.9545e-06,0.92716,0.72148
chr5,3606418,3606462,1.158e-07,-0.25562,8,4.4853e-14,4.7333e-10,0.28158,0.5372
chr5,43000302,43000612,1.7753e-10,-0.201473,17,4.3077e-14,3.783e-13,0.31068,0.51216
chr5,55220852,55220907,2.8731e-06,-0.200427,8,4.3188e-14,1.6785e-08,0.15027,0.3507
chr5,69415022,69415691,1.033e-52,-0.268402,59,0.0,6.3972e-57,0.15939,0.4278
chr5,79112423,79112498,8.8042e-16,-0.23935,10,4.4187e-14,7.9363e-19,0.12138,0.36073
chr5,79069565,79069655,1.9963e-17,-0.215815,12,4.7296e-14,1.4378e-20,0.076875,0.29269
chr5,81233236,81233388,3.7437e-07,-0.224262,11,4.3077e-14,1.7492e-09,0.39929,0.62355
chr5,88695471,88695585,2.9904e-05,-0.229599,4,5.8834e-12,2.3115e-07,0.15038,0.37998
chr5,123098884,123098910,0.00055338,-0.220243,4,4.4123e-09,6.3768e-06,0.22841,0.44865
chr5,127290942,127291178,2.0984e-08,-0.218255,12,4.3632e-14,7.1909e-11,0.20061,0.41887
chr5,128537263,128537334,7.7271e-11,-0.211346,5,4.6962e-14,1.5207e-13,0.066134,0.27748
chr5,132257345,132258105,7.6085e-39,-0.298194,36,4.4187e-14,5.759e-43,0.32124,0.61944
chr5,132776683,132776756,9.0884e-05,-0.201479,4,9.3425e-10,8.0632e-07,0.15843,0.35991
chr5,135490139,135490603,3.6404e-24,-0.311861,15,4.3965e-14,1.002e-27,0.083658,0.39552
chr5,135039418,135039473,5.561e-09,-0.218456,8,4.341e-14,1.6544e-11,0.14996,0.36841
chr5,135027524,135027946,1.4187e-13,-0.201866,18,4.3854e-14,1.8202e-16,0.17826,0.38013
chr5,140146362,140146599,2.6972e-18,-0.24118,21,4.8739e-14,1.7012999999999997e-21,0.20695,0.44813
chr5,142965354,142965429,0.0017137,-0.204941,5,4.3105e-09,2.3255e-05,0.15267,0.35761
chr5,172453783,172453816,9.027e-05,-0.243948,4,1.2074e-09,7.9943e-07,0.2668,0.51074
chr5,172683879,172684450,2.7454e-105,-0.207308,57,0.0,3.594e-56,0.55291,0.76022
chr5,177328196,177328414,4.1713e-06,0.210183,11,2.6136e-12,2.5469e-08,0.71417,0.50399
chr5,180645411,180645441,0.00013207,-0.202135,4,4.9344e-10,1.2323e-06,0.13183,0.33397
chr5,181103630,181103643,0.0074239,-0.225414,4,9.7258e-08,0.00012926,0.29381,0.51922
chr5,181170640,181170747,0.00019219,-0.235447,5,9.6731e-09,1.8863e-06,0.50495,0.7404
chr6,341642,341663,0.014565,-0.212521,4,3.1814e-05,0.00028744,0.38126,0.59378
chr6,5086335,5086392,3.8377e-05,-0.215248,4,2.0368e-12,3.065e-07,0.10732,0.32257
chr6,10409899,10409936,0.0048071,-0.210702,4,1.5018e-08,7.7425e-05,0.24859,0.45929
chr6,10720235,10720279,0.00018898,0.258076,4,1.2036e-08,1.8518e-06,0.55416,0.29608
chr6,18122378,18122443,1.9492e-13,-0.206146,8,4.0745e-14,2.5439e-16,0.13715,0.3433
chr6,21847331,21847431,0.011404,0.224098,4,1.0836e-05,0.00021504,0.47351,0.24941
chr6,27653245,27653419,1.4274e-05,-0.208776,7,6.026e-12,1.0123e-07,0.53047,0.73925
chr6,27864261,27864331,2.6144e-09,-0.340865,5,4.0079e-14,7.1481e-12,0.30281,0.64368
chr6,30111466,30111487,6.5072e-05,-0.221582,4,2.8031e-07,5.5433e-07,0.36638,0.58796
chr6,32150297,32150357,0.00072621,-0.207966,4,2.5773e-07,8.6883e-06,0.65986,0.86783
chr6,32150425,32150627,6.1353e-24,-0.288025,18,4.0412e-14,1.7591000000000002e-27,0.1909,0.47892
chr6,33080899,33080954,0.012998,-0.204916,4,1.6568e-05,0.00025117,0.50993,0.71484
chr6,33634442,33634515,0.00011349,-0.270462,4,5.8834e-12,1.0349e-06,0.1754,0.44586
chr6,35496341,35496645,3.1299e-17,-0.244038,21,4.4409e-14,2.2973e-20,0.25579,0.49983
chr6,36660812,36661066,2.8998e-13,-0.221929,23,4.019e-14,3.8577e-16,0.31559,0.53752
chr6,37783504,37783586,6.9825e-06,-0.248559,4,9.0254e-09,4.5085e-08,0.09241,0.34097
chr6,42911669,42911915,1.3313e-14,-0.211721,15,4.3299e-14,1.4124e-17,0.098232,0.30995
chr6,45663398,45663925,7.3757e-39,-0.288418,34,3.3751e-14,5.4048e-43,0.32704,0.61546
chr6,105981293,105981734,9.9048e-31,-0.22591,33,4.1966e-14,1.4313e-34,0.10939,0.3353
chr6,109979626,109979649,0.00016099,-0.246163,4,2.5808e-09,1.5406e-06,0.35492,0.60108
chr6,116682255,116682282,0.14841,0.205117,4,3.0522e-05,0.0047929,0.42298,0.21786
chr6,132676773,132676790,0.0066159,-0.20594,4,0.00013375,0.00011252,0.65116,0.8571
chr6,149450759,149451687,2.7454e-105,-0.210534,56,0.0,7.7634e-46,0.4121,0.62264
chr6,154995053,154995116,1.07e-09,-0.209037,8,4.1855e-14,2.6776e-12,0.17058,0.37962
chr6,170280393,170280798,3.4831999999999997e-28,0.264102,17,5.0626e-14,6.1518e-32,0.93439,0.67029
chr7,452327,453045,3.3478e-09,-0.219869,13,4.4298e-14,9.3451e-12,0.16596,0.38583
chr7,815367,815532,2.2251e-07,-0.223501,7,1.0159e-13,9.7736e-10,0.27435,0.49785
chr7,1087251,1087294,0.00056482,-0.231559,6,2.8811e-11,6.5424e-06,0.25071,0.48227
chr7,1664267,1664300,0.027134,-0.207543,4,2.8987e-07,0.00060109,0.29628,0.50383
chr7,4631689,4632077,1.1032e-16,-0.302974,10,4.1744e-14,8.9074e-20,0.17413,0.47711
chr7,23205955,23206394,2.7454e-105,-0.327455,31,5.54e-14,8.2293e-49,0.29018,0.61763
chr7,24285268,24285310,1.2299e-06,-0.21932,4,6.2905e-13,6.5051e-09,0.097138,0.31646
chr7,26153041,26153602,6.3286e-16,-0.233745,16,4.1855e-14,5.5596e-19,0.08119,0.31494
chr7,26857525,26857691,1.603e-18,-0.244647,9,4.3077e-14,9.5597e-22,0.0082439,0.25289
chr7,27102899,27102927,3.7125e-07,-0.26571,4,5.2292e-14,1.732e-09,0.085723,0.35143
chr7,27148941,27149017,1.9548e-05,-0.207527,5,2.613e-12,1.4442e-07,0.066032,0.27356
chr7,27162179,27162206,3.3542e-09,-0.265292,4,4.6296e-14,9.3706e-12,0.013451,0.27874
chr7,27175472,27175706,7.969e-07,-0.259707,6,3.5749e-13,4.014e-09,0.53553,0.79524
chr7,32318992,32319104,3.6132e-11,-0.282605,9,4.6518e-14,6.7129e-14,0.24735,0.52995
chr7,36281059,36281171,0.0006583,0.230779,7,2.9389e-10,7.7989e-06,0.65258,0.4218
chr7,64463846,64464133,4.1794e-06,-0.237299,6,1.8477e-12,2.554e-08,0.34097,0.57827
chr7,66043873,66044175,5.4191e-13,-0.201761,15,4.2299e-14,7.4952e-16,0.17612,0.37788
chr7,66494399,66494436,1.1336e-05,-0.250424,4,5.2837e-09,7.8137e-08,0.40452,0.65495
chr7,76150317,76150604,3.3133e-13,-0.201256,16,4.3854e-14,4.4307e-16,0.43648,0.63774
chr7,80114064,80114130,0.0026226,-0.208882,4,4.8902e-07,3.8078e-05,0.51644,0.72532
chr7,93043515,93043672,8.4502e-09,-0.213026,12,1.8541e-13,2.6495e-11,0.47781,0.69083
chr7,102307159,102307560,5.2207e-05,0.227472,8,1.2179e-12,4.3325e-07,0.66377,0.4363
chr7,102425708,102426057,8.3648e-09,0.208698,15,4.5408e-14,2.617e-11,0.41811,0.20941
chr7,128351706,128351721,0.00075926,-0.233684,4,4.8851e-10,9.1464e-06,0.17804,0.41172
chr7,128910109,128910669,3.0205e-08,-0.239087,8,4.6296e-13,1.0745e-10,0.31051,0.5496
chr7,128915354,128916163,2.511e-16,-0.231347,24,4.9294e-14,2.1079e-19,0.31674,0.54809
chr7,149146404,149146896,5.3642e-06,0.217656,12,8.8555e-12,3.37e-08,0.40585,0.18819
chr7,149415191,149415307,1.9148e-07,-0.208073,13,4.5297e-14,8.305e-10,0.41459,0.62266
chr7,150406022,150406170,0.00081798,0.273109,4,1.5427e-09,9.9754e-06,0.7061,0.43299
chr7,154794029,154794123,0.00033402,0.234777,4,5.8519e-10,3.5534e-06,0.82882,0.59405
chr7,158031925,158032222,7.2688e-06,-0.300804,4,2.3059e-13,4.7133e-08,0.19981,0.50061
chr7,158957691,158957838,1.8579e-10,0.239562,11,4.2855e-14,3.9673e-13,0.53998,0.30042
chr7,159142868,159142926,0.002885,-0.221049,4,1.7459e-07,4.2648e-05,0.35128,0.57233
chr8,934664,934736,0.0001055,0.256523,4,1.8209e-09,9.5245e-07,0.87955,0.62303
chr8,1482970,1482992,9.3152e-07,0.292941,4,2.1046e-12,4.7796e-09,0.77649,0.48355
chr8,1949742,1950209,3.5176e-07,0.260271,5,3.9319e-10,1.633e-09,0.67535,0.41508
chr8,22048029,22048509,4.8793e-05,-0.209596,12,4.5741e-14,4.0033e-07,0.28604,0.49563
chr8,22164015,22164049,9.4223e-06,-0.219166,4,2.946e-10,6.3107e-08,0.18193,0.40109
chr8,22066332,22066349,0.0011944,-0.23214,4,2.7155e-08,1.5372e-05,0.48181,0.71394
chr8,22231582,22231992,4.8488e-09,-0.235733,12,4.4298e-14,1.4211e-11,0.36057,0.5963
chr8,23727241,23727293,2.3948e-07,-0.25513,4,5.8509e-14,1.0618e-09,0.15532,0.41045
chr8,26190367,26190414,7.6271e-06,-0.206301,6,1.8738e-12,4.9771e-08,0.24233,0.44863
chr8,37701131,37701150,6.6157e-07,-0.258147,4,3.1357e-12,3.2671e-09,0.41408,0.67222
chr8,41567425,41567770,1.1191e-25,-0.295931,20,4.019e-14,2.6183000000000003e-29,0.19336,0.48929
chr8,37965010,37965055,6.5034e-07,-0.245897,6,4.6074e-14,3.2056e-09,0.15533,0.40123
chr8,42179887,42180046,5.359e-07,-0.21523,10,4.5963e-14,2.5814e-09,0.12729,0.34252
chr8,64369786,64369803,1.648e-07,-0.240886,4,3.8703e-12,7.0081e-10,0.045652,0.28654
chr8,64371093,64371125,2.5307e-09,-0.260041,6,4.5519e-14,6.8716e-12,0.22581,0.48585
chr8,98972440,98972717,7.0661e-22,-0.241541,23,3.8858e-14,2.7229000000000003e-25,0.34043,0.58197
chr8,104367424,104367697,3.1478e-11,-0.258158,12,4.2188e-14,5.8193e-14,0.28298,0.54114
chr8,127793834,127794105,5.3202e-16,-0.235059,19,3.8858e-14,4.6127e-19,0.44963,0.68469
chr8,142416912,142417095,0.00032179,-0.226548,4,4.2475e-09,3.4033e-06,0.27464,0.50118
chr8,142670364,142670405,0.00014358,0.313931,5,1.6256e-12,1.3555e-06,0.64311,0.32918
chr8,143159451,143159726,4.4206e-12,-0.205605,19,4.4076e-14,7.047e-15,0.26404,0.46965
chr9,72932,73039,3.4881e-07,-0.209835,10,4.3077e-14,1.6161e-09,0.16641,0.37625
chr9,19126896,19126913,0.00083939,0.265603,4,1.8784e-10,1.0285e-05,0.6928,0.4272
chr9,35676210,35676367,2.8236e-07,-0.222379,9,4.6296e-14,1.2713e-09,0.30574,0.52812
chr9,36135962,36136027,0.00071211,-0.236945,4,2.0264e-09,8.5042e-06,0.29809,0.53504
chr9,37002005,37002829,7.459900000000001e-25,-0.231295,30,4.5408e-14,1.9322999999999999e-28,0.17587,0.40716
chr9,84140526,84140583,3.5096e-05,-0.221345,6,3.5892e-12,2.7684e-07,0.33018,0.55152
chr9,90839321,90839477,0.037543,0.205015,5,1.0812e-06,0.00088514,0.50014,0.29512
chr9,97857833,97857859,1.6016e-06,-0.240318,4,2.9732e-13,8.7282e-09,0.15679,0.39711
chr9,121599063,121599125,2.5632e-09,-0.251597,5,4.4742e-14,6.9729e-12,0.081567,0.33316
chr9,125889309,125889370,5.009e-12,-0.201573,9,4.5186e-14,8.0769e-15,0.027389,0.22896
chr9,127828424,127828482,1.0884e-08,-0.310718,9,4.1633e-14,3.4999e-11,0.46424,0.77496
chr9,128408867,128409008,0.0020478,-0.208886,5,6.7487e-08,2.8507e-05,0.30515,0.51404
chr9,129869094,129869422,1.452e-10,0.255192,12,4.0523e-14,3.0508e-13,0.84969,0.5945
chr9,133223394,133223423,0.00054479,-0.20487,4,1.0623e-09,6.2629e-06,0.15911,0.36398
chr9,135984607,135985032,1.7497e-06,-0.225714,7,6.9426e-08,9.6237e-09,0.5531,0.77881
chr9,135997416,135997448,0.026831,-0.238106,4,4.9713e-07,0.0005933,0.32399,0.56209
chr9,136377697,136377820,1.4869e-05,-0.247815,8,6.44e-10,1.0603e-07,0.48432,0.73213
chr9,136617814,136618113,2.2428e-05,-0.249467,4,2.4356e-09,1.6832e-07,0.3076,0.55707
chr9,136620346,136621317,1.9613e-10,-0.200657,20,4.6962e-14,4.2017e-13,0.3593,0.55995
chr9,136749105,136749261,0.0028915,-0.207663,4,5.8074e-09,4.2764e-05,0.22516,0.43282
chr9,136995247,136995535,1.2204e-11,-0.242148,19,4.4187e-14,2.0967e-14,0.52754,0.76969
chr9,136978979,136979021,1.0744e-06,-0.23746,6,1.1335e-13,5.5988e-09,0.43291,0.67037
chr9,137417116,137418067,4.0652e-63,0.235436,46,6.3061e-14,2.4242999999999998e-67,0.83586,0.60042
