aa_position,stability_ratio_normalized_to_WT
12,0.8555979
30,0.8360113
90,1.084197
181,1.044739
183,1.060101
192,1.047929
254,0.4813288
267,1.016953
272,1.022709
281,1.017266
288,1.017836
290,0.4599451
292,1.014288
293,0.3443498
295,0.3435179
297,0.1578041
298,0.3447503
299,1.024477
301,1.012748
302,1.032172
304,0.9931188
307,0.1565844
308,0.342584
309,0.5492893
310,0.1712749
312,0.6274686
314,1.072061
316,1.071478
318,0.9328556
322,1.053182
324,0.4608576
326,0.25203006666666666
328,0.2114281
332,0.373928
337,0.3451776
339,0.1308347
342,0.8949588
344,0.1882434
352,0.966761
359,0.5646341
361,0.8742617
365,0.1697705
366,0.6524446500000001
368,0.3986021
369,0.3906805
376,0.3382373
378,1.0956
379,0.916074
380,0.9477463
385,1.072299
400,1.15719
407,0.6492172
410,0.2881317
413,0.8793166
414,0.2475144
419,0.9446362
424,0.9331912
426,0.9512829
428,0.973034
431,0.9554172
436,0.9696032
437,1.043213
438,1.000848
455,1.150239
458,1.0636
474,1.130067
477,1.098108
478,1.088251
484,1.138854
494,0.4751771
495,0.9011877
497,0.2767733
507,0.5604438
508,0.5859341
511,0.5064597
514,0.5244856
517,0.5214359
518,1.109377
525,0.8306941
527,0.8820262
529,0.8778251
531,1.107685
532,0.7987965
533,0.8857338
537,0.4448991
543,0.9069754
545,1.100344
547,0.9057181
548,0.8853955
549,0.2513217
550,0.848029
554,0.579103
556,1.040666
562,0.4254519
563,0.8841944
567,0.8097687
571,1.04459
572,1.0849
573,1.00304
575,1.062243
579,1.09785
580,1.087125
581,0.767763
583,0.4330766
586,0.4554169
596,1.063925
598,0.7779466
604,0.8633119
623,0.7358614
627,0.8867821
631,0.4886155
635,0.40598
636,0.3582201
637,0.2517871
638,0.4007301
639,0.3937565
641,0.7750524
642,0.6365951
645,0.856708
646,0.4442819
647,0.4245519
648,0.3928059
649,0.5172071
650,0.4159871
653,0.3714397
657,0.4237124
659,0.7358019
660,0.3594055
661,0.4046589
662,0.4288399
663,0.4802697
665,1.060347
668,0.8538262
669,0.7318646
672,0.8466228
675,0.9984979
676,0.5809479
677,0.8412493
684,0.3898449
685,0.4403994
686,0.3386339
687,0.4086413
688,0.8012436
690,0.3550435
691,0.4553243
695,0.9120905
699,0.3200215
700,0.3495642
701,0.4556982
702,0.3932404
703,0.4818903
704,0.6508228
705,0.3875358
706,0.387481
707,0.3802217
709,0.8902627
710,0.9437781
714,0.6880003
716,1.033337
717,0.9261547
718,0.7192777
720,1.061631
728,0.8359543
729,0.363541
731,0.40776975
733,0.426707
734,0.3905955
735,0.8630975
736,0.3158816
737,0.4684402
741,0.6665348
742,0.3868087
743,0.4593113
747,0.7108312
749,0.3392981
751,0.3471555
752,0.3410564
754,0.3862334
755,0.4103273
756,0.9537112
758,0.8622715
759,0.96031345
761,0.9529492
768,0.636552
769,0.4562491
770,0.4189152
771,0.5270026
772,0.7405099
774,0.2667145
777,0.4505224
778,0.3130035
780,0.4925803
781,0.9319379
783,1.10281
789,1.081251
792,0.9790729
793,0.4067298
794,0.6260574
795,0.3420015
796,0.5078561
797,0.4046881
798,0.40725
799,0.325236
800,0.9266615
801,0.4246202
803,0.9229618
804,1.028859
811,0.9130292
813,1.025642
814,1.049149
815,0.9383628
822,1.007593
825,0.9238034
826,1.062891
828,1.062804
829,0.9500532
835,0.9569821
836,0.9760696
838,0.9859692
849,0.5965496
850,1.02501
857,0.937554
860,0.9209173
865,0.5922805
868,0.9252796
869,0.5570258
872,1.025123
873,1.041027
879,0.8984118
880,0.9616624
881,0.6161368
882,0.9764945
884,1.002667
886,1.072883
893,0.9518706
896,0.8088213
898,0.7921419
899,0.8239997
901,0.4658968
902,0.36474025
904,0.2603852
905,0.4671688
906,0.6004309
907,0.3925456
908,0.4078807
909,0.327513
910,0.5581608
911,0.5075343
